i_pulp/soc_domain_i/pulp_soc_i/soc_peripherals_i/fault_injector_apb/fg_output_driver[0]					i_pulp/cluster_domain_i/cluster_i/CORE[0].core_region_i/CL_CORE.RISCV_CORE/if_stage_i/prefetch_32.prefetch_buffer_i/fifo_i/addr_Q_reg[0][0]]

i_pulp/soc_domain_i/pulp_soc_i/soc_peripherals_i/fault_injector_apb/fg_output_driver[100]					i_pulp/cluster_domain_i/cluster_i/CORE[0].core_region_i/CL_CORE.RISCV_CORE/if_stage_i/prefetch_32.prefetch_buffer_i/fifo_i/addr_Q_reg[0][10]]

i_pulp/soc_domain_i/pulp_soc_i/soc_peripherals_i/fault_injector_apb/fg_output_driver[101]					i_pulp/cluster_domain_i/cluster_i/CORE[0].core_region_i/CL_CORE.RISCV_CORE/if_stage_i/prefetch_32.prefetch_buffer_i/fifo_i/addr_Q_reg[0][11]]

i_pulp/soc_domain_i/pulp_soc_i/soc_peripherals_i/fault_injector_apb/fg_output_driver[102]					i_pulp/cluster_domain_i/cluster_i/CORE[0].core_region_i/CL_CORE.RISCV_CORE/if_stage_i/prefetch_32.prefetch_buffer_i/fifo_i/addr_Q_reg[0][12]]

i_pulp/soc_domain_i/pulp_soc_i/soc_peripherals_i/fault_injector_apb/fg_output_driver[103]					i_pulp/cluster_domain_i/cluster_i/CORE[0].core_region_i/CL_CORE.RISCV_CORE/if_stage_i/prefetch_32.prefetch_buffer_i/fifo_i/addr_Q_reg[0][13]]

i_pulp/soc_domain_i/pulp_soc_i/soc_peripherals_i/fault_injector_apb/fg_output_driver[104]					i_pulp/cluster_domain_i/cluster_i/CORE[0].core_region_i/CL_CORE.RISCV_CORE/if_stage_i/prefetch_32.prefetch_buffer_i/fifo_i/addr_Q_reg[0][14]]

i_pulp/soc_domain_i/pulp_soc_i/soc_peripherals_i/fault_injector_apb/fg_output_driver[105]					i_pulp/cluster_domain_i/cluster_i/CORE[0].core_region_i/CL_CORE.RISCV_CORE/if_stage_i/prefetch_32.prefetch_buffer_i/fifo_i/addr_Q_reg[0][15]]

i_pulp/soc_domain_i/pulp_soc_i/soc_peripherals_i/fault_injector_apb/fg_output_driver[106]					i_pulp/cluster_domain_i/cluster_i/CORE[0].core_region_i/CL_CORE.RISCV_CORE/if_stage_i/prefetch_32.prefetch_buffer_i/fifo_i/addr_Q_reg[0][16]]

i_pulp/soc_domain_i/pulp_soc_i/soc_peripherals_i/fault_injector_apb/fg_output_driver[107]					i_pulp/cluster_domain_i/cluster_i/CORE[0].core_region_i/CL_CORE.RISCV_CORE/if_stage_i/prefetch_32.prefetch_buffer_i/fifo_i/addr_Q_reg[0][17]]

i_pulp/soc_domain_i/pulp_soc_i/soc_peripherals_i/fault_injector_apb/fg_output_driver[108]					i_pulp/cluster_domain_i/cluster_i/CORE[0].core_region_i/CL_CORE.RISCV_CORE/if_stage_i/prefetch_32.prefetch_buffer_i/fifo_i/addr_Q_reg[0][18]]

i_pulp/soc_domain_i/pulp_soc_i/soc_peripherals_i/fault_injector_apb/fg_output_driver[109]					i_pulp/cluster_domain_i/cluster_i/CORE[0].core_region_i/CL_CORE.RISCV_CORE/if_stage_i/prefetch_32.prefetch_buffer_i/fifo_i/addr_Q_reg[0][19]]

i_pulp/soc_domain_i/pulp_soc_i/soc_peripherals_i/fault_injector_apb/fg_output_driver[10]					i_pulp/cluster_domain_i/cluster_i/CORE[0].core_region_i/CL_CORE.RISCV_CORE/if_stage_i/prefetch_32.prefetch_buffer_i/fifo_i/addr_Q_reg[0][1]]

i_pulp/soc_domain_i/pulp_soc_i/soc_peripherals_i/fault_injector_apb/fg_output_driver[110]					i_pulp/cluster_domain_i/cluster_i/CORE[0].core_region_i/CL_CORE.RISCV_CORE/if_stage_i/prefetch_32.prefetch_buffer_i/fifo_i/addr_Q_reg[0][20]]

i_pulp/soc_domain_i/pulp_soc_i/soc_peripherals_i/fault_injector_apb/fg_output_driver[111]					i_pulp/cluster_domain_i/cluster_i/CORE[0].core_region_i/CL_CORE.RISCV_CORE/if_stage_i/prefetch_32.prefetch_buffer_i/fifo_i/addr_Q_reg[0][21]]

i_pulp/soc_domain_i/pulp_soc_i/soc_peripherals_i/fault_injector_apb/fg_output_driver[112]					i_pulp/cluster_domain_i/cluster_i/CORE[0].core_region_i/CL_CORE.RISCV_CORE/if_stage_i/prefetch_32.prefetch_buffer_i/fifo_i/addr_Q_reg[0][22]]

i_pulp/soc_domain_i/pulp_soc_i/soc_peripherals_i/fault_injector_apb/fg_output_driver[113]					i_pulp/cluster_domain_i/cluster_i/CORE[0].core_region_i/CL_CORE.RISCV_CORE/if_stage_i/prefetch_32.prefetch_buffer_i/fifo_i/addr_Q_reg[0][23]]

i_pulp/soc_domain_i/pulp_soc_i/soc_peripherals_i/fault_injector_apb/fg_output_driver[114]					i_pulp/cluster_domain_i/cluster_i/CORE[0].core_region_i/CL_CORE.RISCV_CORE/if_stage_i/prefetch_32.prefetch_buffer_i/fifo_i/addr_Q_reg[0][24]]

i_pulp/soc_domain_i/pulp_soc_i/soc_peripherals_i/fault_injector_apb/fg_output_driver[115]					i_pulp/cluster_domain_i/cluster_i/CORE[0].core_region_i/CL_CORE.RISCV_CORE/if_stage_i/prefetch_32.prefetch_buffer_i/fifo_i/addr_Q_reg[0][25]]

i_pulp/soc_domain_i/pulp_soc_i/soc_peripherals_i/fault_injector_apb/fg_output_driver[116]					i_pulp/cluster_domain_i/cluster_i/CORE[0].core_region_i/CL_CORE.RISCV_CORE/if_stage_i/prefetch_32.prefetch_buffer_i/fifo_i/addr_Q_reg[0][26]]

i_pulp/soc_domain_i/pulp_soc_i/soc_peripherals_i/fault_injector_apb/fg_output_driver[117]					i_pulp/cluster_domain_i/cluster_i/CORE[0].core_region_i/CL_CORE.RISCV_CORE/if_stage_i/prefetch_32.prefetch_buffer_i/fifo_i/addr_Q_reg[0][27]]

i_pulp/soc_domain_i/pulp_soc_i/soc_peripherals_i/fault_injector_apb/fg_output_driver[118]					i_pulp/cluster_domain_i/cluster_i/CORE[0].core_region_i/CL_CORE.RISCV_CORE/if_stage_i/prefetch_32.prefetch_buffer_i/fifo_i/addr_Q_reg[0][28]]

i_pulp/soc_domain_i/pulp_soc_i/soc_peripherals_i/fault_injector_apb/fg_output_driver[119]					i_pulp/cluster_domain_i/cluster_i/CORE[0].core_region_i/CL_CORE.RISCV_CORE/if_stage_i/prefetch_32.prefetch_buffer_i/fifo_i/addr_Q_reg[0][29]]

i_pulp/soc_domain_i/pulp_soc_i/soc_peripherals_i/fault_injector_apb/fg_output_driver[11]					i_pulp/cluster_domain_i/cluster_i/CORE[0].core_region_i/CL_CORE.RISCV_CORE/if_stage_i/prefetch_32.prefetch_buffer_i/fifo_i/addr_Q_reg[0][2]]

i_pulp/soc_domain_i/pulp_soc_i/soc_peripherals_i/fault_injector_apb/fg_output_driver[120]					i_pulp/cluster_domain_i/cluster_i/CORE[0].core_region_i/CL_CORE.RISCV_CORE/if_stage_i/prefetch_32.prefetch_buffer_i/fifo_i/addr_Q_reg[0][30]]

i_pulp/soc_domain_i/pulp_soc_i/soc_peripherals_i/fault_injector_apb/fg_output_driver[121]					i_pulp/cluster_domain_i/cluster_i/CORE[0].core_region_i/CL_CORE.RISCV_CORE/if_stage_i/prefetch_32.prefetch_buffer_i/fifo_i/addr_Q_reg[0][31]]

i_pulp/soc_domain_i/pulp_soc_i/soc_peripherals_i/fault_injector_apb/fg_output_driver[122]					i_pulp/cluster_domain_i/cluster_i/CORE[0].core_region_i/CL_CORE.RISCV_CORE/if_stage_i/prefetch_32.prefetch_buffer_i/fifo_i/addr_Q_reg[0][3]]

i_pulp/soc_domain_i/pulp_soc_i/soc_peripherals_i/fault_injector_apb/fg_output_driver[123]					i_pulp/cluster_domain_i/cluster_i/CORE[0].core_region_i/CL_CORE.RISCV_CORE/if_stage_i/prefetch_32.prefetch_buffer_i/fifo_i/addr_Q_reg[0][4]]

i_pulp/soc_domain_i/pulp_soc_i/soc_peripherals_i/fault_injector_apb/fg_output_driver[124]					i_pulp/cluster_domain_i/cluster_i/CORE[0].core_region_i/CL_CORE.RISCV_CORE/if_stage_i/prefetch_32.prefetch_buffer_i/fifo_i/addr_Q_reg[0][5]]

i_pulp/soc_domain_i/pulp_soc_i/soc_peripherals_i/fault_injector_apb/fg_output_driver[125]					i_pulp/cluster_domain_i/cluster_i/CORE[0].core_region_i/CL_CORE.RISCV_CORE/if_stage_i/prefetch_32.prefetch_buffer_i/fifo_i/addr_Q_reg[0][6]]

i_pulp/soc_domain_i/pulp_soc_i/soc_peripherals_i/fault_injector_apb/fg_output_driver[126]					i_pulp/cluster_domain_i/cluster_i/CORE[0].core_region_i/CL_CORE.RISCV_CORE/if_stage_i/prefetch_32.prefetch_buffer_i/fifo_i/addr_Q_reg[0][7]]

i_pulp/soc_domain_i/pulp_soc_i/soc_peripherals_i/fault_injector_apb/fg_output_driver[127]					i_pulp/cluster_domain_i/cluster_i/CORE[0].core_region_i/CL_CORE.RISCV_CORE/if_stage_i/prefetch_32.prefetch_buffer_i/fifo_i/addr_Q_reg[0][8]]

i_pulp/soc_domain_i/pulp_soc_i/soc_peripherals_i/fault_injector_apb/fg_output_driver[128]					i_pulp/cluster_domain_i/cluster_i/CORE[0].core_region_i/CL_CORE.RISCV_CORE/if_stage_i/prefetch_32.prefetch_buffer_i/fifo_i/addr_Q_reg[0][9]]

i_pulp/soc_domain_i/pulp_soc_i/soc_peripherals_i/fault_injector_apb/fg_output_driver[129]					i_pulp/cluster_domain_i/cluster_i/CORE[0].core_region_i/CL_CORE.RISCV_CORE/if_stage_i/prefetch_32.prefetch_buffer_i/fifo_i/addr_Q_reg[1][0]]

i_pulp/soc_domain_i/pulp_soc_i/soc_peripherals_i/fault_injector_apb/fg_output_driver[12]					i_pulp/cluster_domain_i/cluster_i/CORE[0].core_region_i/CL_CORE.RISCV_CORE/if_stage_i/prefetch_32.prefetch_buffer_i/fifo_i/addr_Q_reg[1][10]]

i_pulp/soc_domain_i/pulp_soc_i/soc_peripherals_i/fault_injector_apb/fg_output_driver[130]					i_pulp/cluster_domain_i/cluster_i/CORE[0].core_region_i/CL_CORE.RISCV_CORE/if_stage_i/prefetch_32.prefetch_buffer_i/fifo_i/addr_Q_reg[1][11]]

i_pulp/soc_domain_i/pulp_soc_i/soc_peripherals_i/fault_injector_apb/fg_output_driver[131]					i_pulp/cluster_domain_i/cluster_i/CORE[0].core_region_i/CL_CORE.RISCV_CORE/if_stage_i/prefetch_32.prefetch_buffer_i/fifo_i/addr_Q_reg[1][12]]

i_pulp/soc_domain_i/pulp_soc_i/soc_peripherals_i/fault_injector_apb/fg_output_driver[132]					i_pulp/cluster_domain_i/cluster_i/CORE[0].core_region_i/CL_CORE.RISCV_CORE/if_stage_i/prefetch_32.prefetch_buffer_i/fifo_i/addr_Q_reg[1][13]]

i_pulp/soc_domain_i/pulp_soc_i/soc_peripherals_i/fault_injector_apb/fg_output_driver[133]					i_pulp/cluster_domain_i/cluster_i/CORE[0].core_region_i/CL_CORE.RISCV_CORE/if_stage_i/prefetch_32.prefetch_buffer_i/fifo_i/addr_Q_reg[1][14]]

i_pulp/soc_domain_i/pulp_soc_i/soc_peripherals_i/fault_injector_apb/fg_output_driver[134]					i_pulp/cluster_domain_i/cluster_i/CORE[0].core_region_i/CL_CORE.RISCV_CORE/if_stage_i/prefetch_32.prefetch_buffer_i/fifo_i/addr_Q_reg[1][15]]

i_pulp/soc_domain_i/pulp_soc_i/soc_peripherals_i/fault_injector_apb/fg_output_driver[135]					i_pulp/cluster_domain_i/cluster_i/CORE[0].core_region_i/CL_CORE.RISCV_CORE/if_stage_i/prefetch_32.prefetch_buffer_i/fifo_i/addr_Q_reg[1][16]]

i_pulp/soc_domain_i/pulp_soc_i/soc_peripherals_i/fault_injector_apb/fg_output_driver[136]					i_pulp/cluster_domain_i/cluster_i/CORE[0].core_region_i/CL_CORE.RISCV_CORE/if_stage_i/prefetch_32.prefetch_buffer_i/fifo_i/addr_Q_reg[1][17]]

i_pulp/soc_domain_i/pulp_soc_i/soc_peripherals_i/fault_injector_apb/fg_output_driver[137]					i_pulp/cluster_domain_i/cluster_i/CORE[0].core_region_i/CL_CORE.RISCV_CORE/if_stage_i/prefetch_32.prefetch_buffer_i/fifo_i/addr_Q_reg[1][18]]

i_pulp/soc_domain_i/pulp_soc_i/soc_peripherals_i/fault_injector_apb/fg_output_driver[138]					i_pulp/cluster_domain_i/cluster_i/CORE[0].core_region_i/CL_CORE.RISCV_CORE/if_stage_i/prefetch_32.prefetch_buffer_i/fifo_i/addr_Q_reg[1][19]]

i_pulp/soc_domain_i/pulp_soc_i/soc_peripherals_i/fault_injector_apb/fg_output_driver[139]					i_pulp/cluster_domain_i/cluster_i/CORE[0].core_region_i/CL_CORE.RISCV_CORE/if_stage_i/prefetch_32.prefetch_buffer_i/fifo_i/addr_Q_reg[1][1]]

i_pulp/soc_domain_i/pulp_soc_i/soc_peripherals_i/fault_injector_apb/fg_output_driver[13]					i_pulp/cluster_domain_i/cluster_i/CORE[0].core_region_i/CL_CORE.RISCV_CORE/if_stage_i/prefetch_32.prefetch_buffer_i/fifo_i/addr_Q_reg[1][20]]

i_pulp/soc_domain_i/pulp_soc_i/soc_peripherals_i/fault_injector_apb/fg_output_driver[140]					i_pulp/cluster_domain_i/cluster_i/CORE[0].core_region_i/CL_CORE.RISCV_CORE/if_stage_i/prefetch_32.prefetch_buffer_i/fifo_i/addr_Q_reg[1][21]]

i_pulp/soc_domain_i/pulp_soc_i/soc_peripherals_i/fault_injector_apb/fg_output_driver[141]					i_pulp/cluster_domain_i/cluster_i/CORE[0].core_region_i/CL_CORE.RISCV_CORE/if_stage_i/prefetch_32.prefetch_buffer_i/fifo_i/addr_Q_reg[1][22]]

i_pulp/soc_domain_i/pulp_soc_i/soc_peripherals_i/fault_injector_apb/fg_output_driver[142]					i_pulp/cluster_domain_i/cluster_i/CORE[0].core_region_i/CL_CORE.RISCV_CORE/if_stage_i/prefetch_32.prefetch_buffer_i/fifo_i/addr_Q_reg[1][23]]

i_pulp/soc_domain_i/pulp_soc_i/soc_peripherals_i/fault_injector_apb/fg_output_driver[143]					i_pulp/cluster_domain_i/cluster_i/CORE[0].core_region_i/CL_CORE.RISCV_CORE/if_stage_i/prefetch_32.prefetch_buffer_i/fifo_i/addr_Q_reg[1][24]]

i_pulp/soc_domain_i/pulp_soc_i/soc_peripherals_i/fault_injector_apb/fg_output_driver[144]					i_pulp/cluster_domain_i/cluster_i/CORE[0].core_region_i/CL_CORE.RISCV_CORE/if_stage_i/prefetch_32.prefetch_buffer_i/fifo_i/addr_Q_reg[1][25]]

i_pulp/soc_domain_i/pulp_soc_i/soc_peripherals_i/fault_injector_apb/fg_output_driver[145]					i_pulp/cluster_domain_i/cluster_i/CORE[0].core_region_i/CL_CORE.RISCV_CORE/if_stage_i/prefetch_32.prefetch_buffer_i/fifo_i/addr_Q_reg[1][26]]

i_pulp/soc_domain_i/pulp_soc_i/soc_peripherals_i/fault_injector_apb/fg_output_driver[146]					i_pulp/cluster_domain_i/cluster_i/CORE[0].core_region_i/CL_CORE.RISCV_CORE/if_stage_i/prefetch_32.prefetch_buffer_i/fifo_i/addr_Q_reg[1][27]]

i_pulp/soc_domain_i/pulp_soc_i/soc_peripherals_i/fault_injector_apb/fg_output_driver[147]					i_pulp/cluster_domain_i/cluster_i/CORE[0].core_region_i/CL_CORE.RISCV_CORE/if_stage_i/prefetch_32.prefetch_buffer_i/fifo_i/addr_Q_reg[1][28]]

i_pulp/soc_domain_i/pulp_soc_i/soc_peripherals_i/fault_injector_apb/fg_output_driver[148]					i_pulp/cluster_domain_i/cluster_i/CORE[0].core_region_i/CL_CORE.RISCV_CORE/if_stage_i/prefetch_32.prefetch_buffer_i/fifo_i/addr_Q_reg[1][29]]

i_pulp/soc_domain_i/pulp_soc_i/soc_peripherals_i/fault_injector_apb/fg_output_driver[149]					i_pulp/cluster_domain_i/cluster_i/CORE[0].core_region_i/CL_CORE.RISCV_CORE/if_stage_i/prefetch_32.prefetch_buffer_i/fifo_i/addr_Q_reg[1][2]]

i_pulp/soc_domain_i/pulp_soc_i/soc_peripherals_i/fault_injector_apb/fg_output_driver[14]					i_pulp/cluster_domain_i/cluster_i/CORE[0].core_region_i/CL_CORE.RISCV_CORE/if_stage_i/prefetch_32.prefetch_buffer_i/fifo_i/addr_Q_reg[1][30]]

i_pulp/soc_domain_i/pulp_soc_i/soc_peripherals_i/fault_injector_apb/fg_output_driver[150]					i_pulp/cluster_domain_i/cluster_i/CORE[0].core_region_i/CL_CORE.RISCV_CORE/if_stage_i/prefetch_32.prefetch_buffer_i/fifo_i/addr_Q_reg[1][31]]

i_pulp/soc_domain_i/pulp_soc_i/soc_peripherals_i/fault_injector_apb/fg_output_driver[151]					i_pulp/cluster_domain_i/cluster_i/CORE[0].core_region_i/CL_CORE.RISCV_CORE/if_stage_i/prefetch_32.prefetch_buffer_i/fifo_i/addr_Q_reg[1][3]]

i_pulp/soc_domain_i/pulp_soc_i/soc_peripherals_i/fault_injector_apb/fg_output_driver[152]					i_pulp/cluster_domain_i/cluster_i/CORE[0].core_region_i/CL_CORE.RISCV_CORE/if_stage_i/prefetch_32.prefetch_buffer_i/fifo_i/addr_Q_reg[1][4]]

i_pulp/soc_domain_i/pulp_soc_i/soc_peripherals_i/fault_injector_apb/fg_output_driver[153]					i_pulp/cluster_domain_i/cluster_i/CORE[0].core_region_i/CL_CORE.RISCV_CORE/if_stage_i/prefetch_32.prefetch_buffer_i/fifo_i/addr_Q_reg[1][5]]

i_pulp/soc_domain_i/pulp_soc_i/soc_peripherals_i/fault_injector_apb/fg_output_driver[154]					i_pulp/cluster_domain_i/cluster_i/CORE[0].core_region_i/CL_CORE.RISCV_CORE/if_stage_i/prefetch_32.prefetch_buffer_i/fifo_i/addr_Q_reg[1][6]]

i_pulp/soc_domain_i/pulp_soc_i/soc_peripherals_i/fault_injector_apb/fg_output_driver[155]					i_pulp/cluster_domain_i/cluster_i/CORE[0].core_region_i/CL_CORE.RISCV_CORE/if_stage_i/prefetch_32.prefetch_buffer_i/fifo_i/addr_Q_reg[1][7]]

i_pulp/soc_domain_i/pulp_soc_i/soc_peripherals_i/fault_injector_apb/fg_output_driver[156]					i_pulp/cluster_domain_i/cluster_i/CORE[0].core_region_i/CL_CORE.RISCV_CORE/if_stage_i/prefetch_32.prefetch_buffer_i/fifo_i/addr_Q_reg[1][8]]

i_pulp/soc_domain_i/pulp_soc_i/soc_peripherals_i/fault_injector_apb/fg_output_driver[157]					i_pulp/cluster_domain_i/cluster_i/CORE[0].core_region_i/CL_CORE.RISCV_CORE/if_stage_i/prefetch_32.prefetch_buffer_i/fifo_i/addr_Q_reg[1][9]]

i_pulp/soc_domain_i/pulp_soc_i/soc_peripherals_i/fault_injector_apb/fg_output_driver[158]					i_pulp/cluster_domain_i/cluster_i/CORE[0].core_region_i/CL_CORE.RISCV_CORE/if_stage_i/prefetch_32.prefetch_buffer_i/fifo_i/is_hwlp_Q_reg[0]]

i_pulp/soc_domain_i/pulp_soc_i/soc_peripherals_i/fault_injector_apb/fg_output_driver[159]					i_pulp/cluster_domain_i/cluster_i/CORE[0].core_region_i/CL_CORE.RISCV_CORE/if_stage_i/prefetch_32.prefetch_buffer_i/fifo_i/is_hwlp_Q_reg[1]]

i_pulp/soc_domain_i/pulp_soc_i/soc_peripherals_i/fault_injector_apb/fg_output_driver[15]					i_pulp/cluster_domain_i/cluster_i/CORE[0].core_region_i/CL_CORE.RISCV_CORE/if_stage_i/prefetch_32.prefetch_buffer_i/fifo_i/rdata_Q_reg[0][0]]

i_pulp/soc_domain_i/pulp_soc_i/soc_peripherals_i/fault_injector_apb/fg_output_driver[160]					i_pulp/cluster_domain_i/cluster_i/CORE[0].core_region_i/CL_CORE.RISCV_CORE/if_stage_i/prefetch_32.prefetch_buffer_i/fifo_i/rdata_Q_reg[0][10]]

i_pulp/soc_domain_i/pulp_soc_i/soc_peripherals_i/fault_injector_apb/fg_output_driver[161]					i_pulp/cluster_domain_i/cluster_i/CORE[0].core_region_i/CL_CORE.RISCV_CORE/if_stage_i/prefetch_32.prefetch_buffer_i/fifo_i/rdata_Q_reg[0][11]]

i_pulp/soc_domain_i/pulp_soc_i/soc_peripherals_i/fault_injector_apb/fg_output_driver[162]					i_pulp/cluster_domain_i/cluster_i/CORE[0].core_region_i/CL_CORE.RISCV_CORE/if_stage_i/prefetch_32.prefetch_buffer_i/fifo_i/rdata_Q_reg[0][12]]

i_pulp/soc_domain_i/pulp_soc_i/soc_peripherals_i/fault_injector_apb/fg_output_driver[163]					i_pulp/cluster_domain_i/cluster_i/CORE[0].core_region_i/CL_CORE.RISCV_CORE/if_stage_i/prefetch_32.prefetch_buffer_i/fifo_i/rdata_Q_reg[0][13]]

i_pulp/soc_domain_i/pulp_soc_i/soc_peripherals_i/fault_injector_apb/fg_output_driver[164]					i_pulp/cluster_domain_i/cluster_i/CORE[0].core_region_i/CL_CORE.RISCV_CORE/if_stage_i/prefetch_32.prefetch_buffer_i/fifo_i/rdata_Q_reg[0][14]]

i_pulp/soc_domain_i/pulp_soc_i/soc_peripherals_i/fault_injector_apb/fg_output_driver[165]					i_pulp/cluster_domain_i/cluster_i/CORE[0].core_region_i/CL_CORE.RISCV_CORE/if_stage_i/prefetch_32.prefetch_buffer_i/fifo_i/rdata_Q_reg[0][15]]

i_pulp/soc_domain_i/pulp_soc_i/soc_peripherals_i/fault_injector_apb/fg_output_driver[166]					i_pulp/cluster_domain_i/cluster_i/CORE[0].core_region_i/CL_CORE.RISCV_CORE/if_stage_i/prefetch_32.prefetch_buffer_i/fifo_i/rdata_Q_reg[0][16]]

i_pulp/soc_domain_i/pulp_soc_i/soc_peripherals_i/fault_injector_apb/fg_output_driver[167]					i_pulp/cluster_domain_i/cluster_i/CORE[0].core_region_i/CL_CORE.RISCV_CORE/if_stage_i/prefetch_32.prefetch_buffer_i/fifo_i/rdata_Q_reg[0][17]]

i_pulp/soc_domain_i/pulp_soc_i/soc_peripherals_i/fault_injector_apb/fg_output_driver[168]					i_pulp/cluster_domain_i/cluster_i/CORE[0].core_region_i/CL_CORE.RISCV_CORE/if_stage_i/prefetch_32.prefetch_buffer_i/fifo_i/rdata_Q_reg[0][18]]

i_pulp/soc_domain_i/pulp_soc_i/soc_peripherals_i/fault_injector_apb/fg_output_driver[169]					i_pulp/cluster_domain_i/cluster_i/CORE[0].core_region_i/CL_CORE.RISCV_CORE/if_stage_i/prefetch_32.prefetch_buffer_i/fifo_i/rdata_Q_reg[0][19]]

i_pulp/soc_domain_i/pulp_soc_i/soc_peripherals_i/fault_injector_apb/fg_output_driver[16]					i_pulp/cluster_domain_i/cluster_i/CORE[0].core_region_i/CL_CORE.RISCV_CORE/if_stage_i/prefetch_32.prefetch_buffer_i/fifo_i/rdata_Q_reg[0][1]]

i_pulp/soc_domain_i/pulp_soc_i/soc_peripherals_i/fault_injector_apb/fg_output_driver[170]					i_pulp/cluster_domain_i/cluster_i/CORE[0].core_region_i/CL_CORE.RISCV_CORE/if_stage_i/prefetch_32.prefetch_buffer_i/fifo_i/rdata_Q_reg[0][20]]

i_pulp/soc_domain_i/pulp_soc_i/soc_peripherals_i/fault_injector_apb/fg_output_driver[171]					i_pulp/cluster_domain_i/cluster_i/CORE[0].core_region_i/CL_CORE.RISCV_CORE/if_stage_i/prefetch_32.prefetch_buffer_i/fifo_i/rdata_Q_reg[0][21]]

i_pulp/soc_domain_i/pulp_soc_i/soc_peripherals_i/fault_injector_apb/fg_output_driver[172]					i_pulp/cluster_domain_i/cluster_i/CORE[0].core_region_i/CL_CORE.RISCV_CORE/if_stage_i/prefetch_32.prefetch_buffer_i/fifo_i/rdata_Q_reg[0][22]]

i_pulp/soc_domain_i/pulp_soc_i/soc_peripherals_i/fault_injector_apb/fg_output_driver[173]					i_pulp/cluster_domain_i/cluster_i/CORE[0].core_region_i/CL_CORE.RISCV_CORE/if_stage_i/prefetch_32.prefetch_buffer_i/fifo_i/rdata_Q_reg[0][23]]

i_pulp/soc_domain_i/pulp_soc_i/soc_peripherals_i/fault_injector_apb/fg_output_driver[174]					i_pulp/cluster_domain_i/cluster_i/CORE[0].core_region_i/CL_CORE.RISCV_CORE/if_stage_i/prefetch_32.prefetch_buffer_i/fifo_i/rdata_Q_reg[0][24]]

i_pulp/soc_domain_i/pulp_soc_i/soc_peripherals_i/fault_injector_apb/fg_output_driver[175]					i_pulp/cluster_domain_i/cluster_i/CORE[0].core_region_i/CL_CORE.RISCV_CORE/if_stage_i/prefetch_32.prefetch_buffer_i/fifo_i/rdata_Q_reg[0][25]]

i_pulp/soc_domain_i/pulp_soc_i/soc_peripherals_i/fault_injector_apb/fg_output_driver[176]					i_pulp/cluster_domain_i/cluster_i/CORE[0].core_region_i/CL_CORE.RISCV_CORE/if_stage_i/prefetch_32.prefetch_buffer_i/fifo_i/rdata_Q_reg[0][26]]

i_pulp/soc_domain_i/pulp_soc_i/soc_peripherals_i/fault_injector_apb/fg_output_driver[177]					i_pulp/cluster_domain_i/cluster_i/CORE[0].core_region_i/CL_CORE.RISCV_CORE/if_stage_i/prefetch_32.prefetch_buffer_i/fifo_i/rdata_Q_reg[0][27]]

i_pulp/soc_domain_i/pulp_soc_i/soc_peripherals_i/fault_injector_apb/fg_output_driver[178]					i_pulp/cluster_domain_i/cluster_i/CORE[0].core_region_i/CL_CORE.RISCV_CORE/if_stage_i/prefetch_32.prefetch_buffer_i/fifo_i/rdata_Q_reg[0][28]]

i_pulp/soc_domain_i/pulp_soc_i/soc_peripherals_i/fault_injector_apb/fg_output_driver[179]					i_pulp/cluster_domain_i/cluster_i/CORE[0].core_region_i/CL_CORE.RISCV_CORE/if_stage_i/prefetch_32.prefetch_buffer_i/fifo_i/rdata_Q_reg[0][29]]

i_pulp/soc_domain_i/pulp_soc_i/soc_peripherals_i/fault_injector_apb/fg_output_driver[17]					i_pulp/cluster_domain_i/cluster_i/CORE[0].core_region_i/CL_CORE.RISCV_CORE/if_stage_i/prefetch_32.prefetch_buffer_i/fifo_i/rdata_Q_reg[0][2]]

i_pulp/soc_domain_i/pulp_soc_i/soc_peripherals_i/fault_injector_apb/fg_output_driver[180]					i_pulp/cluster_domain_i/cluster_i/CORE[0].core_region_i/CL_CORE.RISCV_CORE/if_stage_i/prefetch_32.prefetch_buffer_i/fifo_i/rdata_Q_reg[0][30]]

i_pulp/soc_domain_i/pulp_soc_i/soc_peripherals_i/fault_injector_apb/fg_output_driver[181]					i_pulp/cluster_domain_i/cluster_i/CORE[0].core_region_i/CL_CORE.RISCV_CORE/if_stage_i/prefetch_32.prefetch_buffer_i/fifo_i/rdata_Q_reg[0][31]]

i_pulp/soc_domain_i/pulp_soc_i/soc_peripherals_i/fault_injector_apb/fg_output_driver[182]					i_pulp/cluster_domain_i/cluster_i/CORE[0].core_region_i/CL_CORE.RISCV_CORE/if_stage_i/prefetch_32.prefetch_buffer_i/fifo_i/rdata_Q_reg[0][3]]

i_pulp/soc_domain_i/pulp_soc_i/soc_peripherals_i/fault_injector_apb/fg_output_driver[183]					i_pulp/cluster_domain_i/cluster_i/CORE[0].core_region_i/CL_CORE.RISCV_CORE/if_stage_i/prefetch_32.prefetch_buffer_i/fifo_i/rdata_Q_reg[0][4]]

i_pulp/soc_domain_i/pulp_soc_i/soc_peripherals_i/fault_injector_apb/fg_output_driver[184]					i_pulp/cluster_domain_i/cluster_i/CORE[0].core_region_i/CL_CORE.RISCV_CORE/if_stage_i/prefetch_32.prefetch_buffer_i/fifo_i/rdata_Q_reg[0][5]]

i_pulp/soc_domain_i/pulp_soc_i/soc_peripherals_i/fault_injector_apb/fg_output_driver[185]					i_pulp/cluster_domain_i/cluster_i/CORE[0].core_region_i/CL_CORE.RISCV_CORE/if_stage_i/prefetch_32.prefetch_buffer_i/fifo_i/rdata_Q_reg[0][6]]

i_pulp/soc_domain_i/pulp_soc_i/soc_peripherals_i/fault_injector_apb/fg_output_driver[186]					i_pulp/cluster_domain_i/cluster_i/CORE[0].core_region_i/CL_CORE.RISCV_CORE/if_stage_i/prefetch_32.prefetch_buffer_i/fifo_i/rdata_Q_reg[0][7]]

i_pulp/soc_domain_i/pulp_soc_i/soc_peripherals_i/fault_injector_apb/fg_output_driver[187]					i_pulp/cluster_domain_i/cluster_i/CORE[0].core_region_i/CL_CORE.RISCV_CORE/if_stage_i/prefetch_32.prefetch_buffer_i/fifo_i/rdata_Q_reg[0][8]]

i_pulp/soc_domain_i/pulp_soc_i/soc_peripherals_i/fault_injector_apb/fg_output_driver[188]					i_pulp/cluster_domain_i/cluster_i/CORE[0].core_region_i/CL_CORE.RISCV_CORE/if_stage_i/prefetch_32.prefetch_buffer_i/fifo_i/rdata_Q_reg[0][9]]

i_pulp/soc_domain_i/pulp_soc_i/soc_peripherals_i/fault_injector_apb/fg_output_driver[189]					i_pulp/cluster_domain_i/cluster_i/CORE[0].core_region_i/CL_CORE.RISCV_CORE/if_stage_i/prefetch_32.prefetch_buffer_i/fifo_i/rdata_Q_reg[1][0]]

i_pulp/soc_domain_i/pulp_soc_i/soc_peripherals_i/fault_injector_apb/fg_output_driver[18]					i_pulp/cluster_domain_i/cluster_i/CORE[0].core_region_i/CL_CORE.RISCV_CORE/if_stage_i/prefetch_32.prefetch_buffer_i/fifo_i/rdata_Q_reg[1][10]]

i_pulp/soc_domain_i/pulp_soc_i/soc_peripherals_i/fault_injector_apb/fg_output_driver[190]					i_pulp/cluster_domain_i/cluster_i/CORE[0].core_region_i/CL_CORE.RISCV_CORE/if_stage_i/prefetch_32.prefetch_buffer_i/fifo_i/rdata_Q_reg[1][11]]

i_pulp/soc_domain_i/pulp_soc_i/soc_peripherals_i/fault_injector_apb/fg_output_driver[191]					i_pulp/cluster_domain_i/cluster_i/CORE[0].core_region_i/CL_CORE.RISCV_CORE/if_stage_i/prefetch_32.prefetch_buffer_i/fifo_i/rdata_Q_reg[1][12]]

i_pulp/soc_domain_i/pulp_soc_i/soc_peripherals_i/fault_injector_apb/fg_output_driver[192]					i_pulp/cluster_domain_i/cluster_i/CORE[0].core_region_i/CL_CORE.RISCV_CORE/if_stage_i/prefetch_32.prefetch_buffer_i/fifo_i/rdata_Q_reg[1][13]]

i_pulp/soc_domain_i/pulp_soc_i/soc_peripherals_i/fault_injector_apb/fg_output_driver[193]					i_pulp/cluster_domain_i/cluster_i/CORE[0].core_region_i/CL_CORE.RISCV_CORE/if_stage_i/prefetch_32.prefetch_buffer_i/fifo_i/rdata_Q_reg[1][14]]

i_pulp/soc_domain_i/pulp_soc_i/soc_peripherals_i/fault_injector_apb/fg_output_driver[194]					i_pulp/cluster_domain_i/cluster_i/CORE[0].core_region_i/CL_CORE.RISCV_CORE/if_stage_i/prefetch_32.prefetch_buffer_i/fifo_i/rdata_Q_reg[1][15]]

i_pulp/soc_domain_i/pulp_soc_i/soc_peripherals_i/fault_injector_apb/fg_output_driver[195]					i_pulp/cluster_domain_i/cluster_i/CORE[0].core_region_i/CL_CORE.RISCV_CORE/if_stage_i/prefetch_32.prefetch_buffer_i/fifo_i/rdata_Q_reg[1][16]]

i_pulp/soc_domain_i/pulp_soc_i/soc_peripherals_i/fault_injector_apb/fg_output_driver[196]					i_pulp/cluster_domain_i/cluster_i/CORE[0].core_region_i/CL_CORE.RISCV_CORE/if_stage_i/prefetch_32.prefetch_buffer_i/fifo_i/rdata_Q_reg[1][17]]

i_pulp/soc_domain_i/pulp_soc_i/soc_peripherals_i/fault_injector_apb/fg_output_driver[197]					i_pulp/cluster_domain_i/cluster_i/CORE[0].core_region_i/CL_CORE.RISCV_CORE/if_stage_i/prefetch_32.prefetch_buffer_i/fifo_i/rdata_Q_reg[1][18]]

i_pulp/soc_domain_i/pulp_soc_i/soc_peripherals_i/fault_injector_apb/fg_output_driver[198]					i_pulp/cluster_domain_i/cluster_i/CORE[0].core_region_i/CL_CORE.RISCV_CORE/if_stage_i/prefetch_32.prefetch_buffer_i/fifo_i/rdata_Q_reg[1][19]]

i_pulp/soc_domain_i/pulp_soc_i/soc_peripherals_i/fault_injector_apb/fg_output_driver[199]					i_pulp/cluster_domain_i/cluster_i/CORE[0].core_region_i/CL_CORE.RISCV_CORE/if_stage_i/prefetch_32.prefetch_buffer_i/fifo_i/rdata_Q_reg[1][1]]

i_pulp/soc_domain_i/pulp_soc_i/soc_peripherals_i/fault_injector_apb/fg_output_driver[19]					i_pulp/cluster_domain_i/cluster_i/CORE[0].core_region_i/CL_CORE.RISCV_CORE/if_stage_i/prefetch_32.prefetch_buffer_i/fifo_i/rdata_Q_reg[1][20]]

i_pulp/soc_domain_i/pulp_soc_i/soc_peripherals_i/fault_injector_apb/fg_output_driver[1]					i_pulp/cluster_domain_i/cluster_i/CORE[0].core_region_i/CL_CORE.RISCV_CORE/if_stage_i/prefetch_32.prefetch_buffer_i/fifo_i/rdata_Q_reg[1][21]]

i_pulp/soc_domain_i/pulp_soc_i/soc_peripherals_i/fault_injector_apb/fg_output_driver[20]					i_pulp/cluster_domain_i/cluster_i/CORE[0].core_region_i/CL_CORE.RISCV_CORE/if_stage_i/prefetch_32.prefetch_buffer_i/fifo_i/rdata_Q_reg[1][22]]

i_pulp/soc_domain_i/pulp_soc_i/soc_peripherals_i/fault_injector_apb/fg_output_driver[21]					i_pulp/cluster_domain_i/cluster_i/CORE[0].core_region_i/CL_CORE.RISCV_CORE/if_stage_i/prefetch_32.prefetch_buffer_i/fifo_i/rdata_Q_reg[1][23]]

i_pulp/soc_domain_i/pulp_soc_i/soc_peripherals_i/fault_injector_apb/fg_output_driver[22]					i_pulp/cluster_domain_i/cluster_i/CORE[0].core_region_i/CL_CORE.RISCV_CORE/if_stage_i/prefetch_32.prefetch_buffer_i/fifo_i/rdata_Q_reg[1][24]]

i_pulp/soc_domain_i/pulp_soc_i/soc_peripherals_i/fault_injector_apb/fg_output_driver[23]					i_pulp/cluster_domain_i/cluster_i/CORE[0].core_region_i/CL_CORE.RISCV_CORE/if_stage_i/prefetch_32.prefetch_buffer_i/fifo_i/rdata_Q_reg[1][25]]

i_pulp/soc_domain_i/pulp_soc_i/soc_peripherals_i/fault_injector_apb/fg_output_driver[24]					i_pulp/cluster_domain_i/cluster_i/CORE[0].core_region_i/CL_CORE.RISCV_CORE/if_stage_i/prefetch_32.prefetch_buffer_i/fifo_i/rdata_Q_reg[1][26]]

i_pulp/soc_domain_i/pulp_soc_i/soc_peripherals_i/fault_injector_apb/fg_output_driver[25]					i_pulp/cluster_domain_i/cluster_i/CORE[0].core_region_i/CL_CORE.RISCV_CORE/if_stage_i/prefetch_32.prefetch_buffer_i/fifo_i/rdata_Q_reg[1][27]]

i_pulp/soc_domain_i/pulp_soc_i/soc_peripherals_i/fault_injector_apb/fg_output_driver[26]					i_pulp/cluster_domain_i/cluster_i/CORE[0].core_region_i/CL_CORE.RISCV_CORE/if_stage_i/prefetch_32.prefetch_buffer_i/fifo_i/rdata_Q_reg[1][28]]

i_pulp/soc_domain_i/pulp_soc_i/soc_peripherals_i/fault_injector_apb/fg_output_driver[27]					i_pulp/cluster_domain_i/cluster_i/CORE[0].core_region_i/CL_CORE.RISCV_CORE/if_stage_i/prefetch_32.prefetch_buffer_i/fifo_i/rdata_Q_reg[1][29]]

i_pulp/soc_domain_i/pulp_soc_i/soc_peripherals_i/fault_injector_apb/fg_output_driver[28]					i_pulp/cluster_domain_i/cluster_i/CORE[0].core_region_i/CL_CORE.RISCV_CORE/if_stage_i/prefetch_32.prefetch_buffer_i/fifo_i/rdata_Q_reg[1][2]]

i_pulp/soc_domain_i/pulp_soc_i/soc_peripherals_i/fault_injector_apb/fg_output_driver[29]					i_pulp/cluster_domain_i/cluster_i/CORE[0].core_region_i/CL_CORE.RISCV_CORE/if_stage_i/prefetch_32.prefetch_buffer_i/fifo_i/rdata_Q_reg[1][30]]

i_pulp/soc_domain_i/pulp_soc_i/soc_peripherals_i/fault_injector_apb/fg_output_driver[2]					i_pulp/cluster_domain_i/cluster_i/CORE[0].core_region_i/CL_CORE.RISCV_CORE/if_stage_i/prefetch_32.prefetch_buffer_i/fifo_i/rdata_Q_reg[1][31]]

i_pulp/soc_domain_i/pulp_soc_i/soc_peripherals_i/fault_injector_apb/fg_output_driver[30]					i_pulp/cluster_domain_i/cluster_i/CORE[0].core_region_i/CL_CORE.RISCV_CORE/if_stage_i/prefetch_32.prefetch_buffer_i/fifo_i/rdata_Q_reg[1][3]]

i_pulp/soc_domain_i/pulp_soc_i/soc_peripherals_i/fault_injector_apb/fg_output_driver[31]					i_pulp/cluster_domain_i/cluster_i/CORE[0].core_region_i/CL_CORE.RISCV_CORE/if_stage_i/prefetch_32.prefetch_buffer_i/fifo_i/rdata_Q_reg[1][4]]

i_pulp/soc_domain_i/pulp_soc_i/soc_peripherals_i/fault_injector_apb/fg_output_driver[32]					i_pulp/cluster_domain_i/cluster_i/CORE[0].core_region_i/CL_CORE.RISCV_CORE/if_stage_i/prefetch_32.prefetch_buffer_i/fifo_i/rdata_Q_reg[1][5]]

i_pulp/soc_domain_i/pulp_soc_i/soc_peripherals_i/fault_injector_apb/fg_output_driver[33]					i_pulp/cluster_domain_i/cluster_i/CORE[0].core_region_i/CL_CORE.RISCV_CORE/if_stage_i/prefetch_32.prefetch_buffer_i/fifo_i/rdata_Q_reg[1][6]]

i_pulp/soc_domain_i/pulp_soc_i/soc_peripherals_i/fault_injector_apb/fg_output_driver[34]					i_pulp/cluster_domain_i/cluster_i/CORE[0].core_region_i/CL_CORE.RISCV_CORE/if_stage_i/prefetch_32.prefetch_buffer_i/fifo_i/rdata_Q_reg[1][7]]

i_pulp/soc_domain_i/pulp_soc_i/soc_peripherals_i/fault_injector_apb/fg_output_driver[35]					i_pulp/cluster_domain_i/cluster_i/CORE[0].core_region_i/CL_CORE.RISCV_CORE/if_stage_i/prefetch_32.prefetch_buffer_i/fifo_i/rdata_Q_reg[1][8]]

i_pulp/soc_domain_i/pulp_soc_i/soc_peripherals_i/fault_injector_apb/fg_output_driver[36]					i_pulp/cluster_domain_i/cluster_i/CORE[0].core_region_i/CL_CORE.RISCV_CORE/if_stage_i/prefetch_32.prefetch_buffer_i/fifo_i/rdata_Q_reg[1][9]]

i_pulp/soc_domain_i/pulp_soc_i/soc_peripherals_i/fault_injector_apb/fg_output_driver[37]					i_pulp/cluster_domain_i/cluster_i/CORE[0].core_region_i/CL_CORE.RISCV_CORE/if_stage_i/prefetch_32.prefetch_buffer_i/fifo_i/rdata_Q_reg[2][0]]

i_pulp/soc_domain_i/pulp_soc_i/soc_peripherals_i/fault_injector_apb/fg_output_driver[38]					i_pulp/cluster_domain_i/cluster_i/CORE[0].core_region_i/CL_CORE.RISCV_CORE/if_stage_i/prefetch_32.prefetch_buffer_i/fifo_i/rdata_Q_reg[2][10]]

i_pulp/soc_domain_i/pulp_soc_i/soc_peripherals_i/fault_injector_apb/fg_output_driver[39]					i_pulp/cluster_domain_i/cluster_i/CORE[0].core_region_i/CL_CORE.RISCV_CORE/if_stage_i/prefetch_32.prefetch_buffer_i/fifo_i/rdata_Q_reg[2][11]]

i_pulp/soc_domain_i/pulp_soc_i/soc_peripherals_i/fault_injector_apb/fg_output_driver[3]					i_pulp/cluster_domain_i/cluster_i/CORE[0].core_region_i/CL_CORE.RISCV_CORE/if_stage_i/prefetch_32.prefetch_buffer_i/fifo_i/rdata_Q_reg[2][12]]

i_pulp/soc_domain_i/pulp_soc_i/soc_peripherals_i/fault_injector_apb/fg_output_driver[40]					i_pulp/cluster_domain_i/cluster_i/CORE[0].core_region_i/CL_CORE.RISCV_CORE/if_stage_i/prefetch_32.prefetch_buffer_i/fifo_i/rdata_Q_reg[2][13]]

i_pulp/soc_domain_i/pulp_soc_i/soc_peripherals_i/fault_injector_apb/fg_output_driver[41]					i_pulp/cluster_domain_i/cluster_i/CORE[0].core_region_i/CL_CORE.RISCV_CORE/if_stage_i/prefetch_32.prefetch_buffer_i/fifo_i/rdata_Q_reg[2][14]]

i_pulp/soc_domain_i/pulp_soc_i/soc_peripherals_i/fault_injector_apb/fg_output_driver[42]					i_pulp/cluster_domain_i/cluster_i/CORE[0].core_region_i/CL_CORE.RISCV_CORE/if_stage_i/prefetch_32.prefetch_buffer_i/fifo_i/rdata_Q_reg[2][15]]

i_pulp/soc_domain_i/pulp_soc_i/soc_peripherals_i/fault_injector_apb/fg_output_driver[43]					i_pulp/cluster_domain_i/cluster_i/CORE[0].core_region_i/CL_CORE.RISCV_CORE/if_stage_i/prefetch_32.prefetch_buffer_i/fifo_i/rdata_Q_reg[2][16]]

i_pulp/soc_domain_i/pulp_soc_i/soc_peripherals_i/fault_injector_apb/fg_output_driver[44]					i_pulp/cluster_domain_i/cluster_i/CORE[0].core_region_i/CL_CORE.RISCV_CORE/if_stage_i/prefetch_32.prefetch_buffer_i/fifo_i/rdata_Q_reg[2][17]]

i_pulp/soc_domain_i/pulp_soc_i/soc_peripherals_i/fault_injector_apb/fg_output_driver[45]					i_pulp/cluster_domain_i/cluster_i/CORE[0].core_region_i/CL_CORE.RISCV_CORE/if_stage_i/prefetch_32.prefetch_buffer_i/fifo_i/rdata_Q_reg[2][18]]

i_pulp/soc_domain_i/pulp_soc_i/soc_peripherals_i/fault_injector_apb/fg_output_driver[46]					i_pulp/cluster_domain_i/cluster_i/CORE[0].core_region_i/CL_CORE.RISCV_CORE/if_stage_i/prefetch_32.prefetch_buffer_i/fifo_i/rdata_Q_reg[2][19]]

i_pulp/soc_domain_i/pulp_soc_i/soc_peripherals_i/fault_injector_apb/fg_output_driver[47]					i_pulp/cluster_domain_i/cluster_i/CORE[0].core_region_i/CL_CORE.RISCV_CORE/if_stage_i/prefetch_32.prefetch_buffer_i/fifo_i/rdata_Q_reg[2][1]]

i_pulp/soc_domain_i/pulp_soc_i/soc_peripherals_i/fault_injector_apb/fg_output_driver[48]					i_pulp/cluster_domain_i/cluster_i/CORE[0].core_region_i/CL_CORE.RISCV_CORE/if_stage_i/prefetch_32.prefetch_buffer_i/fifo_i/rdata_Q_reg[2][20]]

i_pulp/soc_domain_i/pulp_soc_i/soc_peripherals_i/fault_injector_apb/fg_output_driver[49]					i_pulp/cluster_domain_i/cluster_i/CORE[0].core_region_i/CL_CORE.RISCV_CORE/if_stage_i/prefetch_32.prefetch_buffer_i/fifo_i/rdata_Q_reg[2][21]]

i_pulp/soc_domain_i/pulp_soc_i/soc_peripherals_i/fault_injector_apb/fg_output_driver[4]					i_pulp/cluster_domain_i/cluster_i/CORE[0].core_region_i/CL_CORE.RISCV_CORE/if_stage_i/prefetch_32.prefetch_buffer_i/fifo_i/rdata_Q_reg[2][22]]

i_pulp/soc_domain_i/pulp_soc_i/soc_peripherals_i/fault_injector_apb/fg_output_driver[50]					i_pulp/cluster_domain_i/cluster_i/CORE[0].core_region_i/CL_CORE.RISCV_CORE/if_stage_i/prefetch_32.prefetch_buffer_i/fifo_i/rdata_Q_reg[2][23]]

i_pulp/soc_domain_i/pulp_soc_i/soc_peripherals_i/fault_injector_apb/fg_output_driver[51]					i_pulp/cluster_domain_i/cluster_i/CORE[0].core_region_i/CL_CORE.RISCV_CORE/if_stage_i/prefetch_32.prefetch_buffer_i/fifo_i/rdata_Q_reg[2][24]]

i_pulp/soc_domain_i/pulp_soc_i/soc_peripherals_i/fault_injector_apb/fg_output_driver[52]					i_pulp/cluster_domain_i/cluster_i/CORE[0].core_region_i/CL_CORE.RISCV_CORE/if_stage_i/prefetch_32.prefetch_buffer_i/fifo_i/rdata_Q_reg[2][25]]

i_pulp/soc_domain_i/pulp_soc_i/soc_peripherals_i/fault_injector_apb/fg_output_driver[53]					i_pulp/cluster_domain_i/cluster_i/CORE[0].core_region_i/CL_CORE.RISCV_CORE/if_stage_i/prefetch_32.prefetch_buffer_i/fifo_i/rdata_Q_reg[2][26]]

i_pulp/soc_domain_i/pulp_soc_i/soc_peripherals_i/fault_injector_apb/fg_output_driver[54]					i_pulp/cluster_domain_i/cluster_i/CORE[0].core_region_i/CL_CORE.RISCV_CORE/if_stage_i/prefetch_32.prefetch_buffer_i/fifo_i/rdata_Q_reg[2][27]]

i_pulp/soc_domain_i/pulp_soc_i/soc_peripherals_i/fault_injector_apb/fg_output_driver[55]					i_pulp/cluster_domain_i/cluster_i/CORE[0].core_region_i/CL_CORE.RISCV_CORE/if_stage_i/prefetch_32.prefetch_buffer_i/fifo_i/rdata_Q_reg[2][28]]

i_pulp/soc_domain_i/pulp_soc_i/soc_peripherals_i/fault_injector_apb/fg_output_driver[56]					i_pulp/cluster_domain_i/cluster_i/CORE[0].core_region_i/CL_CORE.RISCV_CORE/if_stage_i/prefetch_32.prefetch_buffer_i/fifo_i/rdata_Q_reg[2][29]]

i_pulp/soc_domain_i/pulp_soc_i/soc_peripherals_i/fault_injector_apb/fg_output_driver[57]					i_pulp/cluster_domain_i/cluster_i/CORE[0].core_region_i/CL_CORE.RISCV_CORE/if_stage_i/prefetch_32.prefetch_buffer_i/fifo_i/rdata_Q_reg[2][2]]

i_pulp/soc_domain_i/pulp_soc_i/soc_peripherals_i/fault_injector_apb/fg_output_driver[58]					i_pulp/cluster_domain_i/cluster_i/CORE[0].core_region_i/CL_CORE.RISCV_CORE/if_stage_i/prefetch_32.prefetch_buffer_i/fifo_i/rdata_Q_reg[2][30]]

i_pulp/soc_domain_i/pulp_soc_i/soc_peripherals_i/fault_injector_apb/fg_output_driver[59]					i_pulp/cluster_domain_i/cluster_i/CORE[0].core_region_i/CL_CORE.RISCV_CORE/if_stage_i/prefetch_32.prefetch_buffer_i/fifo_i/rdata_Q_reg[2][31]]

i_pulp/soc_domain_i/pulp_soc_i/soc_peripherals_i/fault_injector_apb/fg_output_driver[5]					i_pulp/cluster_domain_i/cluster_i/CORE[0].core_region_i/CL_CORE.RISCV_CORE/if_stage_i/prefetch_32.prefetch_buffer_i/fifo_i/rdata_Q_reg[2][3]]

i_pulp/soc_domain_i/pulp_soc_i/soc_peripherals_i/fault_injector_apb/fg_output_driver[60]					i_pulp/cluster_domain_i/cluster_i/CORE[0].core_region_i/CL_CORE.RISCV_CORE/if_stage_i/prefetch_32.prefetch_buffer_i/fifo_i/rdata_Q_reg[2][4]]

i_pulp/soc_domain_i/pulp_soc_i/soc_peripherals_i/fault_injector_apb/fg_output_driver[61]					i_pulp/cluster_domain_i/cluster_i/CORE[0].core_region_i/CL_CORE.RISCV_CORE/if_stage_i/prefetch_32.prefetch_buffer_i/fifo_i/rdata_Q_reg[2][5]]

i_pulp/soc_domain_i/pulp_soc_i/soc_peripherals_i/fault_injector_apb/fg_output_driver[62]					i_pulp/cluster_domain_i/cluster_i/CORE[0].core_region_i/CL_CORE.RISCV_CORE/if_stage_i/prefetch_32.prefetch_buffer_i/fifo_i/rdata_Q_reg[2][6]]

i_pulp/soc_domain_i/pulp_soc_i/soc_peripherals_i/fault_injector_apb/fg_output_driver[63]					i_pulp/cluster_domain_i/cluster_i/CORE[0].core_region_i/CL_CORE.RISCV_CORE/if_stage_i/prefetch_32.prefetch_buffer_i/fifo_i/rdata_Q_reg[2][7]]

i_pulp/soc_domain_i/pulp_soc_i/soc_peripherals_i/fault_injector_apb/fg_output_driver[64]					i_pulp/cluster_domain_i/cluster_i/CORE[0].core_region_i/CL_CORE.RISCV_CORE/if_stage_i/prefetch_32.prefetch_buffer_i/fifo_i/rdata_Q_reg[2][8]]

i_pulp/soc_domain_i/pulp_soc_i/soc_peripherals_i/fault_injector_apb/fg_output_driver[65]					i_pulp/cluster_domain_i/cluster_i/CORE[0].core_region_i/CL_CORE.RISCV_CORE/if_stage_i/prefetch_32.prefetch_buffer_i/fifo_i/rdata_Q_reg[2][9]]

i_pulp/soc_domain_i/pulp_soc_i/soc_peripherals_i/fault_injector_apb/fg_output_driver[66]					i_pulp/cluster_domain_i/cluster_i/CORE[0].core_region_i/CL_CORE.RISCV_CORE/if_stage_i/prefetch_32.prefetch_buffer_i/fifo_i/rdata_Q_reg[3][0]]

i_pulp/soc_domain_i/pulp_soc_i/soc_peripherals_i/fault_injector_apb/fg_output_driver[67]					i_pulp/cluster_domain_i/cluster_i/CORE[0].core_region_i/CL_CORE.RISCV_CORE/if_stage_i/prefetch_32.prefetch_buffer_i/fifo_i/rdata_Q_reg[3][10]]

i_pulp/soc_domain_i/pulp_soc_i/soc_peripherals_i/fault_injector_apb/fg_output_driver[68]					i_pulp/cluster_domain_i/cluster_i/CORE[0].core_region_i/CL_CORE.RISCV_CORE/if_stage_i/prefetch_32.prefetch_buffer_i/fifo_i/rdata_Q_reg[3][11]]

i_pulp/soc_domain_i/pulp_soc_i/soc_peripherals_i/fault_injector_apb/fg_output_driver[69]					i_pulp/cluster_domain_i/cluster_i/CORE[0].core_region_i/CL_CORE.RISCV_CORE/if_stage_i/prefetch_32.prefetch_buffer_i/fifo_i/rdata_Q_reg[3][12]]

i_pulp/soc_domain_i/pulp_soc_i/soc_peripherals_i/fault_injector_apb/fg_output_driver[6]					i_pulp/cluster_domain_i/cluster_i/CORE[0].core_region_i/CL_CORE.RISCV_CORE/if_stage_i/prefetch_32.prefetch_buffer_i/fifo_i/rdata_Q_reg[3][13]]

i_pulp/soc_domain_i/pulp_soc_i/soc_peripherals_i/fault_injector_apb/fg_output_driver[70]					i_pulp/cluster_domain_i/cluster_i/CORE[0].core_region_i/CL_CORE.RISCV_CORE/if_stage_i/prefetch_32.prefetch_buffer_i/fifo_i/rdata_Q_reg[3][14]]

i_pulp/soc_domain_i/pulp_soc_i/soc_peripherals_i/fault_injector_apb/fg_output_driver[71]					i_pulp/cluster_domain_i/cluster_i/CORE[0].core_region_i/CL_CORE.RISCV_CORE/if_stage_i/prefetch_32.prefetch_buffer_i/fifo_i/rdata_Q_reg[3][15]]

i_pulp/soc_domain_i/pulp_soc_i/soc_peripherals_i/fault_injector_apb/fg_output_driver[72]					i_pulp/cluster_domain_i/cluster_i/CORE[0].core_region_i/CL_CORE.RISCV_CORE/if_stage_i/prefetch_32.prefetch_buffer_i/fifo_i/rdata_Q_reg[3][16]]

i_pulp/soc_domain_i/pulp_soc_i/soc_peripherals_i/fault_injector_apb/fg_output_driver[73]					i_pulp/cluster_domain_i/cluster_i/CORE[0].core_region_i/CL_CORE.RISCV_CORE/if_stage_i/prefetch_32.prefetch_buffer_i/fifo_i/rdata_Q_reg[3][17]]

i_pulp/soc_domain_i/pulp_soc_i/soc_peripherals_i/fault_injector_apb/fg_output_driver[74]					i_pulp/cluster_domain_i/cluster_i/CORE[0].core_region_i/CL_CORE.RISCV_CORE/if_stage_i/prefetch_32.prefetch_buffer_i/fifo_i/rdata_Q_reg[3][18]]

i_pulp/soc_domain_i/pulp_soc_i/soc_peripherals_i/fault_injector_apb/fg_output_driver[75]					i_pulp/cluster_domain_i/cluster_i/CORE[0].core_region_i/CL_CORE.RISCV_CORE/if_stage_i/prefetch_32.prefetch_buffer_i/fifo_i/rdata_Q_reg[3][19]]

i_pulp/soc_domain_i/pulp_soc_i/soc_peripherals_i/fault_injector_apb/fg_output_driver[76]					i_pulp/cluster_domain_i/cluster_i/CORE[0].core_region_i/CL_CORE.RISCV_CORE/if_stage_i/prefetch_32.prefetch_buffer_i/fifo_i/rdata_Q_reg[3][1]]

i_pulp/soc_domain_i/pulp_soc_i/soc_peripherals_i/fault_injector_apb/fg_output_driver[77]					i_pulp/cluster_domain_i/cluster_i/CORE[0].core_region_i/CL_CORE.RISCV_CORE/if_stage_i/prefetch_32.prefetch_buffer_i/fifo_i/rdata_Q_reg[3][20]]

i_pulp/soc_domain_i/pulp_soc_i/soc_peripherals_i/fault_injector_apb/fg_output_driver[78]					i_pulp/cluster_domain_i/cluster_i/CORE[0].core_region_i/CL_CORE.RISCV_CORE/if_stage_i/prefetch_32.prefetch_buffer_i/fifo_i/rdata_Q_reg[3][21]]

i_pulp/soc_domain_i/pulp_soc_i/soc_peripherals_i/fault_injector_apb/fg_output_driver[79]					i_pulp/cluster_domain_i/cluster_i/CORE[0].core_region_i/CL_CORE.RISCV_CORE/if_stage_i/prefetch_32.prefetch_buffer_i/fifo_i/rdata_Q_reg[3][22]]

i_pulp/soc_domain_i/pulp_soc_i/soc_peripherals_i/fault_injector_apb/fg_output_driver[7]					i_pulp/cluster_domain_i/cluster_i/CORE[0].core_region_i/CL_CORE.RISCV_CORE/if_stage_i/prefetch_32.prefetch_buffer_i/fifo_i/rdata_Q_reg[3][23]]

i_pulp/soc_domain_i/pulp_soc_i/soc_peripherals_i/fault_injector_apb/fg_output_driver[80]					i_pulp/cluster_domain_i/cluster_i/CORE[0].core_region_i/CL_CORE.RISCV_CORE/if_stage_i/prefetch_32.prefetch_buffer_i/fifo_i/rdata_Q_reg[3][24]]

i_pulp/soc_domain_i/pulp_soc_i/soc_peripherals_i/fault_injector_apb/fg_output_driver[81]					i_pulp/cluster_domain_i/cluster_i/CORE[0].core_region_i/CL_CORE.RISCV_CORE/if_stage_i/prefetch_32.prefetch_buffer_i/fifo_i/rdata_Q_reg[3][25]]

i_pulp/soc_domain_i/pulp_soc_i/soc_peripherals_i/fault_injector_apb/fg_output_driver[82]					i_pulp/cluster_domain_i/cluster_i/CORE[0].core_region_i/CL_CORE.RISCV_CORE/if_stage_i/prefetch_32.prefetch_buffer_i/fifo_i/rdata_Q_reg[3][26]]

i_pulp/soc_domain_i/pulp_soc_i/soc_peripherals_i/fault_injector_apb/fg_output_driver[83]					i_pulp/cluster_domain_i/cluster_i/CORE[0].core_region_i/CL_CORE.RISCV_CORE/if_stage_i/prefetch_32.prefetch_buffer_i/fifo_i/rdata_Q_reg[3][27]]

i_pulp/soc_domain_i/pulp_soc_i/soc_peripherals_i/fault_injector_apb/fg_output_driver[84]					i_pulp/cluster_domain_i/cluster_i/CORE[0].core_region_i/CL_CORE.RISCV_CORE/if_stage_i/prefetch_32.prefetch_buffer_i/fifo_i/rdata_Q_reg[3][28]]

i_pulp/soc_domain_i/pulp_soc_i/soc_peripherals_i/fault_injector_apb/fg_output_driver[85]					i_pulp/cluster_domain_i/cluster_i/CORE[0].core_region_i/CL_CORE.RISCV_CORE/if_stage_i/prefetch_32.prefetch_buffer_i/fifo_i/rdata_Q_reg[3][29]]

i_pulp/soc_domain_i/pulp_soc_i/soc_peripherals_i/fault_injector_apb/fg_output_driver[86]					i_pulp/cluster_domain_i/cluster_i/CORE[0].core_region_i/CL_CORE.RISCV_CORE/if_stage_i/prefetch_32.prefetch_buffer_i/fifo_i/rdata_Q_reg[3][2]]

i_pulp/soc_domain_i/pulp_soc_i/soc_peripherals_i/fault_injector_apb/fg_output_driver[87]					i_pulp/cluster_domain_i/cluster_i/CORE[0].core_region_i/CL_CORE.RISCV_CORE/if_stage_i/prefetch_32.prefetch_buffer_i/fifo_i/rdata_Q_reg[3][30]]

i_pulp/soc_domain_i/pulp_soc_i/soc_peripherals_i/fault_injector_apb/fg_output_driver[88]					i_pulp/cluster_domain_i/cluster_i/CORE[0].core_region_i/CL_CORE.RISCV_CORE/if_stage_i/prefetch_32.prefetch_buffer_i/fifo_i/rdata_Q_reg[3][31]]

i_pulp/soc_domain_i/pulp_soc_i/soc_peripherals_i/fault_injector_apb/fg_output_driver[89]					i_pulp/cluster_domain_i/cluster_i/CORE[0].core_region_i/CL_CORE.RISCV_CORE/if_stage_i/prefetch_32.prefetch_buffer_i/fifo_i/rdata_Q_reg[3][3]]

i_pulp/soc_domain_i/pulp_soc_i/soc_peripherals_i/fault_injector_apb/fg_output_driver[8]					i_pulp/cluster_domain_i/cluster_i/CORE[0].core_region_i/CL_CORE.RISCV_CORE/if_stage_i/prefetch_32.prefetch_buffer_i/fifo_i/rdata_Q_reg[3][4]]

i_pulp/soc_domain_i/pulp_soc_i/soc_peripherals_i/fault_injector_apb/fg_output_driver[90]					i_pulp/cluster_domain_i/cluster_i/CORE[0].core_region_i/CL_CORE.RISCV_CORE/if_stage_i/prefetch_32.prefetch_buffer_i/fifo_i/rdata_Q_reg[3][5]]

i_pulp/soc_domain_i/pulp_soc_i/soc_peripherals_i/fault_injector_apb/fg_output_driver[91]					i_pulp/cluster_domain_i/cluster_i/CORE[0].core_region_i/CL_CORE.RISCV_CORE/if_stage_i/prefetch_32.prefetch_buffer_i/fifo_i/rdata_Q_reg[3][6]]

i_pulp/soc_domain_i/pulp_soc_i/soc_peripherals_i/fault_injector_apb/fg_output_driver[92]					i_pulp/cluster_domain_i/cluster_i/CORE[0].core_region_i/CL_CORE.RISCV_CORE/if_stage_i/prefetch_32.prefetch_buffer_i/fifo_i/rdata_Q_reg[3][7]]

i_pulp/soc_domain_i/pulp_soc_i/soc_peripherals_i/fault_injector_apb/fg_output_driver[93]					i_pulp/cluster_domain_i/cluster_i/CORE[0].core_region_i/CL_CORE.RISCV_CORE/if_stage_i/prefetch_32.prefetch_buffer_i/fifo_i/rdata_Q_reg[3][8]]

i_pulp/soc_domain_i/pulp_soc_i/soc_peripherals_i/fault_injector_apb/fg_output_driver[94]					i_pulp/cluster_domain_i/cluster_i/CORE[0].core_region_i/CL_CORE.RISCV_CORE/if_stage_i/prefetch_32.prefetch_buffer_i/fifo_i/rdata_Q_reg[3][9]]

i_pulp/soc_domain_i/pulp_soc_i/soc_peripherals_i/fault_injector_apb/fg_output_driver[95]					i_pulp/cluster_domain_i/cluster_i/CORE[0].core_region_i/CL_CORE.RISCV_CORE/if_stage_i/prefetch_32.prefetch_buffer_i/fifo_i/valid_Q_reg[0]]

i_pulp/soc_domain_i/pulp_soc_i/soc_peripherals_i/fault_injector_apb/fg_output_driver[96]					i_pulp/cluster_domain_i/cluster_i/CORE[0].core_region_i/CL_CORE.RISCV_CORE/if_stage_i/prefetch_32.prefetch_buffer_i/fifo_i/valid_Q_reg[0]_rep]

i_pulp/soc_domain_i/pulp_soc_i/soc_peripherals_i/fault_injector_apb/fg_output_driver[97]					i_pulp/cluster_domain_i/cluster_i/CORE[0].core_region_i/CL_CORE.RISCV_CORE/if_stage_i/prefetch_32.prefetch_buffer_i/fifo_i/valid_Q_reg[0]_rep__0]

i_pulp/soc_domain_i/pulp_soc_i/soc_peripherals_i/fault_injector_apb/fg_output_driver[98]					i_pulp/cluster_domain_i/cluster_i/CORE[0].core_region_i/CL_CORE.RISCV_CORE/if_stage_i/prefetch_32.prefetch_buffer_i/fifo_i/valid_Q_reg[1]]

i_pulp/soc_domain_i/pulp_soc_i/soc_peripherals_i/fault_injector_apb/fg_output_driver[99]					i_pulp/cluster_domain_i/cluster_i/CORE[0].core_region_i/CL_CORE.RISCV_CORE/if_stage_i/prefetch_32.prefetch_buffer_i/fifo_i/valid_Q_reg[2]]

i_pulp/soc_domain_i/pulp_soc_i/soc_peripherals_i/fault_injector_apb/fg_output_driver[9]					i_pulp/cluster_domain_i/cluster_i/CORE[0].core_region_i/CL_CORE.RISCV_CORE/if_stage_i/prefetch_32.prefetch_buffer_i/fifo_i/valid_Q_reg[3]]

