i_pulp/soc_domain_i/pulp_soc_i/soc_peripherals_i/fault_injector_apb/fg_output_driver[0]					i_pulp/cluster_domain_i/cluster_i/CORE[0].core_region_i/CL_CORE.RISCV_CORE/ex_stage_i/alu_i/int_div.div_i/AReg_DP_reg[0]]

i_pulp/soc_domain_i/pulp_soc_i/soc_peripherals_i/fault_injector_apb/fg_output_driver[100]					i_pulp/cluster_domain_i/cluster_i/CORE[0].core_region_i/CL_CORE.RISCV_CORE/ex_stage_i/alu_i/int_div.div_i/AReg_DP_reg[10]]

i_pulp/soc_domain_i/pulp_soc_i/soc_peripherals_i/fault_injector_apb/fg_output_driver[101]					i_pulp/cluster_domain_i/cluster_i/CORE[0].core_region_i/CL_CORE.RISCV_CORE/ex_stage_i/alu_i/int_div.div_i/AReg_DP_reg[11]]

i_pulp/soc_domain_i/pulp_soc_i/soc_peripherals_i/fault_injector_apb/fg_output_driver[102]					i_pulp/cluster_domain_i/cluster_i/CORE[0].core_region_i/CL_CORE.RISCV_CORE/ex_stage_i/alu_i/int_div.div_i/AReg_DP_reg[12]]

i_pulp/soc_domain_i/pulp_soc_i/soc_peripherals_i/fault_injector_apb/fg_output_driver[103]					i_pulp/cluster_domain_i/cluster_i/CORE[0].core_region_i/CL_CORE.RISCV_CORE/ex_stage_i/alu_i/int_div.div_i/AReg_DP_reg[13]]

i_pulp/soc_domain_i/pulp_soc_i/soc_peripherals_i/fault_injector_apb/fg_output_driver[104]					i_pulp/cluster_domain_i/cluster_i/CORE[0].core_region_i/CL_CORE.RISCV_CORE/ex_stage_i/alu_i/int_div.div_i/AReg_DP_reg[14]]

i_pulp/soc_domain_i/pulp_soc_i/soc_peripherals_i/fault_injector_apb/fg_output_driver[105]					i_pulp/cluster_domain_i/cluster_i/CORE[0].core_region_i/CL_CORE.RISCV_CORE/ex_stage_i/alu_i/int_div.div_i/AReg_DP_reg[15]]

i_pulp/soc_domain_i/pulp_soc_i/soc_peripherals_i/fault_injector_apb/fg_output_driver[106]					i_pulp/cluster_domain_i/cluster_i/CORE[0].core_region_i/CL_CORE.RISCV_CORE/ex_stage_i/alu_i/int_div.div_i/AReg_DP_reg[16]]

i_pulp/soc_domain_i/pulp_soc_i/soc_peripherals_i/fault_injector_apb/fg_output_driver[107]					i_pulp/cluster_domain_i/cluster_i/CORE[0].core_region_i/CL_CORE.RISCV_CORE/ex_stage_i/alu_i/int_div.div_i/AReg_DP_reg[17]]

i_pulp/soc_domain_i/pulp_soc_i/soc_peripherals_i/fault_injector_apb/fg_output_driver[10]					i_pulp/cluster_domain_i/cluster_i/CORE[0].core_region_i/CL_CORE.RISCV_CORE/ex_stage_i/alu_i/int_div.div_i/AReg_DP_reg[18]]

i_pulp/soc_domain_i/pulp_soc_i/soc_peripherals_i/fault_injector_apb/fg_output_driver[11]					i_pulp/cluster_domain_i/cluster_i/CORE[0].core_region_i/CL_CORE.RISCV_CORE/ex_stage_i/alu_i/int_div.div_i/AReg_DP_reg[19]]

i_pulp/soc_domain_i/pulp_soc_i/soc_peripherals_i/fault_injector_apb/fg_output_driver[12]					i_pulp/cluster_domain_i/cluster_i/CORE[0].core_region_i/CL_CORE.RISCV_CORE/ex_stage_i/alu_i/int_div.div_i/AReg_DP_reg[1]]

i_pulp/soc_domain_i/pulp_soc_i/soc_peripherals_i/fault_injector_apb/fg_output_driver[13]					i_pulp/cluster_domain_i/cluster_i/CORE[0].core_region_i/CL_CORE.RISCV_CORE/ex_stage_i/alu_i/int_div.div_i/AReg_DP_reg[20]]

i_pulp/soc_domain_i/pulp_soc_i/soc_peripherals_i/fault_injector_apb/fg_output_driver[14]					i_pulp/cluster_domain_i/cluster_i/CORE[0].core_region_i/CL_CORE.RISCV_CORE/ex_stage_i/alu_i/int_div.div_i/AReg_DP_reg[21]]

i_pulp/soc_domain_i/pulp_soc_i/soc_peripherals_i/fault_injector_apb/fg_output_driver[15]					i_pulp/cluster_domain_i/cluster_i/CORE[0].core_region_i/CL_CORE.RISCV_CORE/ex_stage_i/alu_i/int_div.div_i/AReg_DP_reg[22]]

i_pulp/soc_domain_i/pulp_soc_i/soc_peripherals_i/fault_injector_apb/fg_output_driver[16]					i_pulp/cluster_domain_i/cluster_i/CORE[0].core_region_i/CL_CORE.RISCV_CORE/ex_stage_i/alu_i/int_div.div_i/AReg_DP_reg[23]]

i_pulp/soc_domain_i/pulp_soc_i/soc_peripherals_i/fault_injector_apb/fg_output_driver[17]					i_pulp/cluster_domain_i/cluster_i/CORE[0].core_region_i/CL_CORE.RISCV_CORE/ex_stage_i/alu_i/int_div.div_i/AReg_DP_reg[24]]

i_pulp/soc_domain_i/pulp_soc_i/soc_peripherals_i/fault_injector_apb/fg_output_driver[18]					i_pulp/cluster_domain_i/cluster_i/CORE[0].core_region_i/CL_CORE.RISCV_CORE/ex_stage_i/alu_i/int_div.div_i/AReg_DP_reg[25]]

i_pulp/soc_domain_i/pulp_soc_i/soc_peripherals_i/fault_injector_apb/fg_output_driver[19]					i_pulp/cluster_domain_i/cluster_i/CORE[0].core_region_i/CL_CORE.RISCV_CORE/ex_stage_i/alu_i/int_div.div_i/AReg_DP_reg[26]]

i_pulp/soc_domain_i/pulp_soc_i/soc_peripherals_i/fault_injector_apb/fg_output_driver[1]					i_pulp/cluster_domain_i/cluster_i/CORE[0].core_region_i/CL_CORE.RISCV_CORE/ex_stage_i/alu_i/int_div.div_i/AReg_DP_reg[27]]

i_pulp/soc_domain_i/pulp_soc_i/soc_peripherals_i/fault_injector_apb/fg_output_driver[20]					i_pulp/cluster_domain_i/cluster_i/CORE[0].core_region_i/CL_CORE.RISCV_CORE/ex_stage_i/alu_i/int_div.div_i/AReg_DP_reg[28]]

i_pulp/soc_domain_i/pulp_soc_i/soc_peripherals_i/fault_injector_apb/fg_output_driver[21]					i_pulp/cluster_domain_i/cluster_i/CORE[0].core_region_i/CL_CORE.RISCV_CORE/ex_stage_i/alu_i/int_div.div_i/AReg_DP_reg[29]]

i_pulp/soc_domain_i/pulp_soc_i/soc_peripherals_i/fault_injector_apb/fg_output_driver[22]					i_pulp/cluster_domain_i/cluster_i/CORE[0].core_region_i/CL_CORE.RISCV_CORE/ex_stage_i/alu_i/int_div.div_i/AReg_DP_reg[2]]

i_pulp/soc_domain_i/pulp_soc_i/soc_peripherals_i/fault_injector_apb/fg_output_driver[23]					i_pulp/cluster_domain_i/cluster_i/CORE[0].core_region_i/CL_CORE.RISCV_CORE/ex_stage_i/alu_i/int_div.div_i/AReg_DP_reg[30]]

i_pulp/soc_domain_i/pulp_soc_i/soc_peripherals_i/fault_injector_apb/fg_output_driver[24]					i_pulp/cluster_domain_i/cluster_i/CORE[0].core_region_i/CL_CORE.RISCV_CORE/ex_stage_i/alu_i/int_div.div_i/AReg_DP_reg[31]]

i_pulp/soc_domain_i/pulp_soc_i/soc_peripherals_i/fault_injector_apb/fg_output_driver[25]					i_pulp/cluster_domain_i/cluster_i/CORE[0].core_region_i/CL_CORE.RISCV_CORE/ex_stage_i/alu_i/int_div.div_i/AReg_DP_reg[3]]

i_pulp/soc_domain_i/pulp_soc_i/soc_peripherals_i/fault_injector_apb/fg_output_driver[26]					i_pulp/cluster_domain_i/cluster_i/CORE[0].core_region_i/CL_CORE.RISCV_CORE/ex_stage_i/alu_i/int_div.div_i/AReg_DP_reg[4]]

i_pulp/soc_domain_i/pulp_soc_i/soc_peripherals_i/fault_injector_apb/fg_output_driver[27]					i_pulp/cluster_domain_i/cluster_i/CORE[0].core_region_i/CL_CORE.RISCV_CORE/ex_stage_i/alu_i/int_div.div_i/AReg_DP_reg[5]]

i_pulp/soc_domain_i/pulp_soc_i/soc_peripherals_i/fault_injector_apb/fg_output_driver[28]					i_pulp/cluster_domain_i/cluster_i/CORE[0].core_region_i/CL_CORE.RISCV_CORE/ex_stage_i/alu_i/int_div.div_i/AReg_DP_reg[6]]

i_pulp/soc_domain_i/pulp_soc_i/soc_peripherals_i/fault_injector_apb/fg_output_driver[29]					i_pulp/cluster_domain_i/cluster_i/CORE[0].core_region_i/CL_CORE.RISCV_CORE/ex_stage_i/alu_i/int_div.div_i/AReg_DP_reg[7]]

i_pulp/soc_domain_i/pulp_soc_i/soc_peripherals_i/fault_injector_apb/fg_output_driver[2]					i_pulp/cluster_domain_i/cluster_i/CORE[0].core_region_i/CL_CORE.RISCV_CORE/ex_stage_i/alu_i/int_div.div_i/AReg_DP_reg[8]]

i_pulp/soc_domain_i/pulp_soc_i/soc_peripherals_i/fault_injector_apb/fg_output_driver[30]					i_pulp/cluster_domain_i/cluster_i/CORE[0].core_region_i/CL_CORE.RISCV_CORE/ex_stage_i/alu_i/int_div.div_i/AReg_DP_reg[9]]

i_pulp/soc_domain_i/pulp_soc_i/soc_peripherals_i/fault_injector_apb/fg_output_driver[31]					i_pulp/cluster_domain_i/cluster_i/CORE[0].core_region_i/CL_CORE.RISCV_CORE/ex_stage_i/alu_i/int_div.div_i/BReg_DP_reg[0]]

i_pulp/soc_domain_i/pulp_soc_i/soc_peripherals_i/fault_injector_apb/fg_output_driver[32]					i_pulp/cluster_domain_i/cluster_i/CORE[0].core_region_i/CL_CORE.RISCV_CORE/ex_stage_i/alu_i/int_div.div_i/BReg_DP_reg[10]]

i_pulp/soc_domain_i/pulp_soc_i/soc_peripherals_i/fault_injector_apb/fg_output_driver[33]					i_pulp/cluster_domain_i/cluster_i/CORE[0].core_region_i/CL_CORE.RISCV_CORE/ex_stage_i/alu_i/int_div.div_i/BReg_DP_reg[11]]

i_pulp/soc_domain_i/pulp_soc_i/soc_peripherals_i/fault_injector_apb/fg_output_driver[34]					i_pulp/cluster_domain_i/cluster_i/CORE[0].core_region_i/CL_CORE.RISCV_CORE/ex_stage_i/alu_i/int_div.div_i/BReg_DP_reg[12]]

i_pulp/soc_domain_i/pulp_soc_i/soc_peripherals_i/fault_injector_apb/fg_output_driver[35]					i_pulp/cluster_domain_i/cluster_i/CORE[0].core_region_i/CL_CORE.RISCV_CORE/ex_stage_i/alu_i/int_div.div_i/BReg_DP_reg[13]]

i_pulp/soc_domain_i/pulp_soc_i/soc_peripherals_i/fault_injector_apb/fg_output_driver[36]					i_pulp/cluster_domain_i/cluster_i/CORE[0].core_region_i/CL_CORE.RISCV_CORE/ex_stage_i/alu_i/int_div.div_i/BReg_DP_reg[14]]

i_pulp/soc_domain_i/pulp_soc_i/soc_peripherals_i/fault_injector_apb/fg_output_driver[37]					i_pulp/cluster_domain_i/cluster_i/CORE[0].core_region_i/CL_CORE.RISCV_CORE/ex_stage_i/alu_i/int_div.div_i/BReg_DP_reg[15]]

i_pulp/soc_domain_i/pulp_soc_i/soc_peripherals_i/fault_injector_apb/fg_output_driver[38]					i_pulp/cluster_domain_i/cluster_i/CORE[0].core_region_i/CL_CORE.RISCV_CORE/ex_stage_i/alu_i/int_div.div_i/BReg_DP_reg[16]]

i_pulp/soc_domain_i/pulp_soc_i/soc_peripherals_i/fault_injector_apb/fg_output_driver[39]					i_pulp/cluster_domain_i/cluster_i/CORE[0].core_region_i/CL_CORE.RISCV_CORE/ex_stage_i/alu_i/int_div.div_i/BReg_DP_reg[17]]

i_pulp/soc_domain_i/pulp_soc_i/soc_peripherals_i/fault_injector_apb/fg_output_driver[3]					i_pulp/cluster_domain_i/cluster_i/CORE[0].core_region_i/CL_CORE.RISCV_CORE/ex_stage_i/alu_i/int_div.div_i/BReg_DP_reg[18]]

i_pulp/soc_domain_i/pulp_soc_i/soc_peripherals_i/fault_injector_apb/fg_output_driver[40]					i_pulp/cluster_domain_i/cluster_i/CORE[0].core_region_i/CL_CORE.RISCV_CORE/ex_stage_i/alu_i/int_div.div_i/BReg_DP_reg[19]]

i_pulp/soc_domain_i/pulp_soc_i/soc_peripherals_i/fault_injector_apb/fg_output_driver[41]					i_pulp/cluster_domain_i/cluster_i/CORE[0].core_region_i/CL_CORE.RISCV_CORE/ex_stage_i/alu_i/int_div.div_i/BReg_DP_reg[1]]

i_pulp/soc_domain_i/pulp_soc_i/soc_peripherals_i/fault_injector_apb/fg_output_driver[42]					i_pulp/cluster_domain_i/cluster_i/CORE[0].core_region_i/CL_CORE.RISCV_CORE/ex_stage_i/alu_i/int_div.div_i/BReg_DP_reg[20]]

i_pulp/soc_domain_i/pulp_soc_i/soc_peripherals_i/fault_injector_apb/fg_output_driver[43]					i_pulp/cluster_domain_i/cluster_i/CORE[0].core_region_i/CL_CORE.RISCV_CORE/ex_stage_i/alu_i/int_div.div_i/BReg_DP_reg[21]]

i_pulp/soc_domain_i/pulp_soc_i/soc_peripherals_i/fault_injector_apb/fg_output_driver[44]					i_pulp/cluster_domain_i/cluster_i/CORE[0].core_region_i/CL_CORE.RISCV_CORE/ex_stage_i/alu_i/int_div.div_i/BReg_DP_reg[22]]

i_pulp/soc_domain_i/pulp_soc_i/soc_peripherals_i/fault_injector_apb/fg_output_driver[45]					i_pulp/cluster_domain_i/cluster_i/CORE[0].core_region_i/CL_CORE.RISCV_CORE/ex_stage_i/alu_i/int_div.div_i/BReg_DP_reg[23]]

i_pulp/soc_domain_i/pulp_soc_i/soc_peripherals_i/fault_injector_apb/fg_output_driver[46]					i_pulp/cluster_domain_i/cluster_i/CORE[0].core_region_i/CL_CORE.RISCV_CORE/ex_stage_i/alu_i/int_div.div_i/BReg_DP_reg[24]]

i_pulp/soc_domain_i/pulp_soc_i/soc_peripherals_i/fault_injector_apb/fg_output_driver[47]					i_pulp/cluster_domain_i/cluster_i/CORE[0].core_region_i/CL_CORE.RISCV_CORE/ex_stage_i/alu_i/int_div.div_i/BReg_DP_reg[25]]

i_pulp/soc_domain_i/pulp_soc_i/soc_peripherals_i/fault_injector_apb/fg_output_driver[48]					i_pulp/cluster_domain_i/cluster_i/CORE[0].core_region_i/CL_CORE.RISCV_CORE/ex_stage_i/alu_i/int_div.div_i/BReg_DP_reg[26]]

i_pulp/soc_domain_i/pulp_soc_i/soc_peripherals_i/fault_injector_apb/fg_output_driver[49]					i_pulp/cluster_domain_i/cluster_i/CORE[0].core_region_i/CL_CORE.RISCV_CORE/ex_stage_i/alu_i/int_div.div_i/BReg_DP_reg[27]]

i_pulp/soc_domain_i/pulp_soc_i/soc_peripherals_i/fault_injector_apb/fg_output_driver[4]					i_pulp/cluster_domain_i/cluster_i/CORE[0].core_region_i/CL_CORE.RISCV_CORE/ex_stage_i/alu_i/int_div.div_i/BReg_DP_reg[28]]

i_pulp/soc_domain_i/pulp_soc_i/soc_peripherals_i/fault_injector_apb/fg_output_driver[50]					i_pulp/cluster_domain_i/cluster_i/CORE[0].core_region_i/CL_CORE.RISCV_CORE/ex_stage_i/alu_i/int_div.div_i/BReg_DP_reg[29]]

i_pulp/soc_domain_i/pulp_soc_i/soc_peripherals_i/fault_injector_apb/fg_output_driver[51]					i_pulp/cluster_domain_i/cluster_i/CORE[0].core_region_i/CL_CORE.RISCV_CORE/ex_stage_i/alu_i/int_div.div_i/BReg_DP_reg[2]]

i_pulp/soc_domain_i/pulp_soc_i/soc_peripherals_i/fault_injector_apb/fg_output_driver[52]					i_pulp/cluster_domain_i/cluster_i/CORE[0].core_region_i/CL_CORE.RISCV_CORE/ex_stage_i/alu_i/int_div.div_i/BReg_DP_reg[30]]

i_pulp/soc_domain_i/pulp_soc_i/soc_peripherals_i/fault_injector_apb/fg_output_driver[53]					i_pulp/cluster_domain_i/cluster_i/CORE[0].core_region_i/CL_CORE.RISCV_CORE/ex_stage_i/alu_i/int_div.div_i/BReg_DP_reg[31]]

i_pulp/soc_domain_i/pulp_soc_i/soc_peripherals_i/fault_injector_apb/fg_output_driver[54]					i_pulp/cluster_domain_i/cluster_i/CORE[0].core_region_i/CL_CORE.RISCV_CORE/ex_stage_i/alu_i/int_div.div_i/BReg_DP_reg[3]]

i_pulp/soc_domain_i/pulp_soc_i/soc_peripherals_i/fault_injector_apb/fg_output_driver[55]					i_pulp/cluster_domain_i/cluster_i/CORE[0].core_region_i/CL_CORE.RISCV_CORE/ex_stage_i/alu_i/int_div.div_i/BReg_DP_reg[4]]

i_pulp/soc_domain_i/pulp_soc_i/soc_peripherals_i/fault_injector_apb/fg_output_driver[56]					i_pulp/cluster_domain_i/cluster_i/CORE[0].core_region_i/CL_CORE.RISCV_CORE/ex_stage_i/alu_i/int_div.div_i/BReg_DP_reg[5]]

i_pulp/soc_domain_i/pulp_soc_i/soc_peripherals_i/fault_injector_apb/fg_output_driver[57]					i_pulp/cluster_domain_i/cluster_i/CORE[0].core_region_i/CL_CORE.RISCV_CORE/ex_stage_i/alu_i/int_div.div_i/BReg_DP_reg[6]]

i_pulp/soc_domain_i/pulp_soc_i/soc_peripherals_i/fault_injector_apb/fg_output_driver[58]					i_pulp/cluster_domain_i/cluster_i/CORE[0].core_region_i/CL_CORE.RISCV_CORE/ex_stage_i/alu_i/int_div.div_i/BReg_DP_reg[7]]

i_pulp/soc_domain_i/pulp_soc_i/soc_peripherals_i/fault_injector_apb/fg_output_driver[59]					i_pulp/cluster_domain_i/cluster_i/CORE[0].core_region_i/CL_CORE.RISCV_CORE/ex_stage_i/alu_i/int_div.div_i/BReg_DP_reg[8]]

i_pulp/soc_domain_i/pulp_soc_i/soc_peripherals_i/fault_injector_apb/fg_output_driver[5]					i_pulp/cluster_domain_i/cluster_i/CORE[0].core_region_i/CL_CORE.RISCV_CORE/ex_stage_i/alu_i/int_div.div_i/BReg_DP_reg[9]]

i_pulp/soc_domain_i/pulp_soc_i/soc_peripherals_i/fault_injector_apb/fg_output_driver[60]					i_pulp/cluster_domain_i/cluster_i/CORE[0].core_region_i/CL_CORE.RISCV_CORE/ex_stage_i/alu_i/int_div.div_i/Cnt_DP_reg[0]]

i_pulp/soc_domain_i/pulp_soc_i/soc_peripherals_i/fault_injector_apb/fg_output_driver[61]					i_pulp/cluster_domain_i/cluster_i/CORE[0].core_region_i/CL_CORE.RISCV_CORE/ex_stage_i/alu_i/int_div.div_i/Cnt_DP_reg[1]]

i_pulp/soc_domain_i/pulp_soc_i/soc_peripherals_i/fault_injector_apb/fg_output_driver[62]					i_pulp/cluster_domain_i/cluster_i/CORE[0].core_region_i/CL_CORE.RISCV_CORE/ex_stage_i/alu_i/int_div.div_i/Cnt_DP_reg[2]]

i_pulp/soc_domain_i/pulp_soc_i/soc_peripherals_i/fault_injector_apb/fg_output_driver[63]					i_pulp/cluster_domain_i/cluster_i/CORE[0].core_region_i/CL_CORE.RISCV_CORE/ex_stage_i/alu_i/int_div.div_i/Cnt_DP_reg[3]]

i_pulp/soc_domain_i/pulp_soc_i/soc_peripherals_i/fault_injector_apb/fg_output_driver[64]					i_pulp/cluster_domain_i/cluster_i/CORE[0].core_region_i/CL_CORE.RISCV_CORE/ex_stage_i/alu_i/int_div.div_i/Cnt_DP_reg[4]]

i_pulp/soc_domain_i/pulp_soc_i/soc_peripherals_i/fault_injector_apb/fg_output_driver[65]					i_pulp/cluster_domain_i/cluster_i/CORE[0].core_region_i/CL_CORE.RISCV_CORE/ex_stage_i/alu_i/int_div.div_i/Cnt_DP_reg[5]]

i_pulp/soc_domain_i/pulp_soc_i/soc_peripherals_i/fault_injector_apb/fg_output_driver[66]					i_pulp/cluster_domain_i/cluster_i/CORE[0].core_region_i/CL_CORE.RISCV_CORE/ex_stage_i/alu_i/int_div.div_i/CompInv_SP_reg]

i_pulp/soc_domain_i/pulp_soc_i/soc_peripherals_i/fault_injector_apb/fg_output_driver[67]					i_pulp/cluster_domain_i/cluster_i/CORE[0].core_region_i/CL_CORE.RISCV_CORE/ex_stage_i/alu_i/int_div.div_i/FSM_onehot_State_SP_reg[0]]

i_pulp/soc_domain_i/pulp_soc_i/soc_peripherals_i/fault_injector_apb/fg_output_driver[68]					i_pulp/cluster_domain_i/cluster_i/CORE[0].core_region_i/CL_CORE.RISCV_CORE/ex_stage_i/alu_i/int_div.div_i/FSM_onehot_State_SP_reg[1]]

i_pulp/soc_domain_i/pulp_soc_i/soc_peripherals_i/fault_injector_apb/fg_output_driver[69]					i_pulp/cluster_domain_i/cluster_i/CORE[0].core_region_i/CL_CORE.RISCV_CORE/ex_stage_i/alu_i/int_div.div_i/FSM_onehot_State_SP_reg[2]]

i_pulp/soc_domain_i/pulp_soc_i/soc_peripherals_i/fault_injector_apb/fg_output_driver[6]					i_pulp/cluster_domain_i/cluster_i/CORE[0].core_region_i/CL_CORE.RISCV_CORE/ex_stage_i/alu_i/int_div.div_i/RemSel_SP_reg]

i_pulp/soc_domain_i/pulp_soc_i/soc_peripherals_i/fault_injector_apb/fg_output_driver[70]					i_pulp/cluster_domain_i/cluster_i/CORE[0].core_region_i/CL_CORE.RISCV_CORE/ex_stage_i/alu_i/int_div.div_i/ResInv_SP_reg]

i_pulp/soc_domain_i/pulp_soc_i/soc_peripherals_i/fault_injector_apb/fg_output_driver[71]					i_pulp/cluster_domain_i/cluster_i/CORE[0].core_region_i/CL_CORE.RISCV_CORE/ex_stage_i/alu_i/int_div.div_i/ResReg_DP_reg[0]]

i_pulp/soc_domain_i/pulp_soc_i/soc_peripherals_i/fault_injector_apb/fg_output_driver[72]					i_pulp/cluster_domain_i/cluster_i/CORE[0].core_region_i/CL_CORE.RISCV_CORE/ex_stage_i/alu_i/int_div.div_i/ResReg_DP_reg[10]]

i_pulp/soc_domain_i/pulp_soc_i/soc_peripherals_i/fault_injector_apb/fg_output_driver[73]					i_pulp/cluster_domain_i/cluster_i/CORE[0].core_region_i/CL_CORE.RISCV_CORE/ex_stage_i/alu_i/int_div.div_i/ResReg_DP_reg[11]]

i_pulp/soc_domain_i/pulp_soc_i/soc_peripherals_i/fault_injector_apb/fg_output_driver[74]					i_pulp/cluster_domain_i/cluster_i/CORE[0].core_region_i/CL_CORE.RISCV_CORE/ex_stage_i/alu_i/int_div.div_i/ResReg_DP_reg[12]]

i_pulp/soc_domain_i/pulp_soc_i/soc_peripherals_i/fault_injector_apb/fg_output_driver[75]					i_pulp/cluster_domain_i/cluster_i/CORE[0].core_region_i/CL_CORE.RISCV_CORE/ex_stage_i/alu_i/int_div.div_i/ResReg_DP_reg[13]]

i_pulp/soc_domain_i/pulp_soc_i/soc_peripherals_i/fault_injector_apb/fg_output_driver[76]					i_pulp/cluster_domain_i/cluster_i/CORE[0].core_region_i/CL_CORE.RISCV_CORE/ex_stage_i/alu_i/int_div.div_i/ResReg_DP_reg[14]]

i_pulp/soc_domain_i/pulp_soc_i/soc_peripherals_i/fault_injector_apb/fg_output_driver[77]					i_pulp/cluster_domain_i/cluster_i/CORE[0].core_region_i/CL_CORE.RISCV_CORE/ex_stage_i/alu_i/int_div.div_i/ResReg_DP_reg[15]]

i_pulp/soc_domain_i/pulp_soc_i/soc_peripherals_i/fault_injector_apb/fg_output_driver[78]					i_pulp/cluster_domain_i/cluster_i/CORE[0].core_region_i/CL_CORE.RISCV_CORE/ex_stage_i/alu_i/int_div.div_i/ResReg_DP_reg[16]]

i_pulp/soc_domain_i/pulp_soc_i/soc_peripherals_i/fault_injector_apb/fg_output_driver[79]					i_pulp/cluster_domain_i/cluster_i/CORE[0].core_region_i/CL_CORE.RISCV_CORE/ex_stage_i/alu_i/int_div.div_i/ResReg_DP_reg[17]]

i_pulp/soc_domain_i/pulp_soc_i/soc_peripherals_i/fault_injector_apb/fg_output_driver[7]					i_pulp/cluster_domain_i/cluster_i/CORE[0].core_region_i/CL_CORE.RISCV_CORE/ex_stage_i/alu_i/int_div.div_i/ResReg_DP_reg[18]]

i_pulp/soc_domain_i/pulp_soc_i/soc_peripherals_i/fault_injector_apb/fg_output_driver[80]					i_pulp/cluster_domain_i/cluster_i/CORE[0].core_region_i/CL_CORE.RISCV_CORE/ex_stage_i/alu_i/int_div.div_i/ResReg_DP_reg[19]]

i_pulp/soc_domain_i/pulp_soc_i/soc_peripherals_i/fault_injector_apb/fg_output_driver[81]					i_pulp/cluster_domain_i/cluster_i/CORE[0].core_region_i/CL_CORE.RISCV_CORE/ex_stage_i/alu_i/int_div.div_i/ResReg_DP_reg[1]]

i_pulp/soc_domain_i/pulp_soc_i/soc_peripherals_i/fault_injector_apb/fg_output_driver[82]					i_pulp/cluster_domain_i/cluster_i/CORE[0].core_region_i/CL_CORE.RISCV_CORE/ex_stage_i/alu_i/int_div.div_i/ResReg_DP_reg[20]]

i_pulp/soc_domain_i/pulp_soc_i/soc_peripherals_i/fault_injector_apb/fg_output_driver[83]					i_pulp/cluster_domain_i/cluster_i/CORE[0].core_region_i/CL_CORE.RISCV_CORE/ex_stage_i/alu_i/int_div.div_i/ResReg_DP_reg[21]]

i_pulp/soc_domain_i/pulp_soc_i/soc_peripherals_i/fault_injector_apb/fg_output_driver[84]					i_pulp/cluster_domain_i/cluster_i/CORE[0].core_region_i/CL_CORE.RISCV_CORE/ex_stage_i/alu_i/int_div.div_i/ResReg_DP_reg[22]]

i_pulp/soc_domain_i/pulp_soc_i/soc_peripherals_i/fault_injector_apb/fg_output_driver[85]					i_pulp/cluster_domain_i/cluster_i/CORE[0].core_region_i/CL_CORE.RISCV_CORE/ex_stage_i/alu_i/int_div.div_i/ResReg_DP_reg[23]]

i_pulp/soc_domain_i/pulp_soc_i/soc_peripherals_i/fault_injector_apb/fg_output_driver[86]					i_pulp/cluster_domain_i/cluster_i/CORE[0].core_region_i/CL_CORE.RISCV_CORE/ex_stage_i/alu_i/int_div.div_i/ResReg_DP_reg[24]]

i_pulp/soc_domain_i/pulp_soc_i/soc_peripherals_i/fault_injector_apb/fg_output_driver[87]					i_pulp/cluster_domain_i/cluster_i/CORE[0].core_region_i/CL_CORE.RISCV_CORE/ex_stage_i/alu_i/int_div.div_i/ResReg_DP_reg[25]]

i_pulp/soc_domain_i/pulp_soc_i/soc_peripherals_i/fault_injector_apb/fg_output_driver[88]					i_pulp/cluster_domain_i/cluster_i/CORE[0].core_region_i/CL_CORE.RISCV_CORE/ex_stage_i/alu_i/int_div.div_i/ResReg_DP_reg[26]]

i_pulp/soc_domain_i/pulp_soc_i/soc_peripherals_i/fault_injector_apb/fg_output_driver[89]					i_pulp/cluster_domain_i/cluster_i/CORE[0].core_region_i/CL_CORE.RISCV_CORE/ex_stage_i/alu_i/int_div.div_i/ResReg_DP_reg[27]]

i_pulp/soc_domain_i/pulp_soc_i/soc_peripherals_i/fault_injector_apb/fg_output_driver[8]					i_pulp/cluster_domain_i/cluster_i/CORE[0].core_region_i/CL_CORE.RISCV_CORE/ex_stage_i/alu_i/int_div.div_i/ResReg_DP_reg[28]]

i_pulp/soc_domain_i/pulp_soc_i/soc_peripherals_i/fault_injector_apb/fg_output_driver[90]					i_pulp/cluster_domain_i/cluster_i/CORE[0].core_region_i/CL_CORE.RISCV_CORE/ex_stage_i/alu_i/int_div.div_i/ResReg_DP_reg[29]]

i_pulp/soc_domain_i/pulp_soc_i/soc_peripherals_i/fault_injector_apb/fg_output_driver[91]					i_pulp/cluster_domain_i/cluster_i/CORE[0].core_region_i/CL_CORE.RISCV_CORE/ex_stage_i/alu_i/int_div.div_i/ResReg_DP_reg[2]]

i_pulp/soc_domain_i/pulp_soc_i/soc_peripherals_i/fault_injector_apb/fg_output_driver[92]					i_pulp/cluster_domain_i/cluster_i/CORE[0].core_region_i/CL_CORE.RISCV_CORE/ex_stage_i/alu_i/int_div.div_i/ResReg_DP_reg[30]]

i_pulp/soc_domain_i/pulp_soc_i/soc_peripherals_i/fault_injector_apb/fg_output_driver[93]					i_pulp/cluster_domain_i/cluster_i/CORE[0].core_region_i/CL_CORE.RISCV_CORE/ex_stage_i/alu_i/int_div.div_i/ResReg_DP_reg[31]]

i_pulp/soc_domain_i/pulp_soc_i/soc_peripherals_i/fault_injector_apb/fg_output_driver[94]					i_pulp/cluster_domain_i/cluster_i/CORE[0].core_region_i/CL_CORE.RISCV_CORE/ex_stage_i/alu_i/int_div.div_i/ResReg_DP_reg[3]]

i_pulp/soc_domain_i/pulp_soc_i/soc_peripherals_i/fault_injector_apb/fg_output_driver[95]					i_pulp/cluster_domain_i/cluster_i/CORE[0].core_region_i/CL_CORE.RISCV_CORE/ex_stage_i/alu_i/int_div.div_i/ResReg_DP_reg[4]]

i_pulp/soc_domain_i/pulp_soc_i/soc_peripherals_i/fault_injector_apb/fg_output_driver[96]					i_pulp/cluster_domain_i/cluster_i/CORE[0].core_region_i/CL_CORE.RISCV_CORE/ex_stage_i/alu_i/int_div.div_i/ResReg_DP_reg[5]]

i_pulp/soc_domain_i/pulp_soc_i/soc_peripherals_i/fault_injector_apb/fg_output_driver[97]					i_pulp/cluster_domain_i/cluster_i/CORE[0].core_region_i/CL_CORE.RISCV_CORE/ex_stage_i/alu_i/int_div.div_i/ResReg_DP_reg[6]]

i_pulp/soc_domain_i/pulp_soc_i/soc_peripherals_i/fault_injector_apb/fg_output_driver[98]					i_pulp/cluster_domain_i/cluster_i/CORE[0].core_region_i/CL_CORE.RISCV_CORE/ex_stage_i/alu_i/int_div.div_i/ResReg_DP_reg[7]]

i_pulp/soc_domain_i/pulp_soc_i/soc_peripherals_i/fault_injector_apb/fg_output_driver[99]					i_pulp/cluster_domain_i/cluster_i/CORE[0].core_region_i/CL_CORE.RISCV_CORE/ex_stage_i/alu_i/int_div.div_i/ResReg_DP_reg[8]]

i_pulp/soc_domain_i/pulp_soc_i/soc_peripherals_i/fault_injector_apb/fg_output_driver[9]					i_pulp/cluster_domain_i/cluster_i/CORE[0].core_region_i/CL_CORE.RISCV_CORE/ex_stage_i/alu_i/int_div.div_i/ResReg_DP_reg[9]]

